"province","date","value","value_daily"
"AB",2020-03-08,0,0
"AB",2020-03-09,0,0
"AB",2020-03-10,0,0
"AB",2020-03-11,0,0
"AB",2020-03-12,0,0
"AB",2020-03-13,0,0
"AB",2020-03-14,0,0
"AB",2020-03-15,0,0
"AB",2020-03-16,0,0
"AB",2020-03-17,0,0
"AB",2020-03-18,0,0
"AB",2020-03-19,1,1
"AB",2020-03-20,1,0
"AB",2020-03-21,1,0
"AB",2020-03-22,1,0
"AB",2020-03-23,1,0
"AB",2020-03-24,2,1
"AB",2020-03-25,2,0
"AB",2020-03-26,2,0
"AB",2020-03-27,2,0
"AB",2020-03-28,2,0
"AB",2020-03-29,3,1
"AB",2020-03-30,8,5
"AB",2020-03-31,9,1
"AB",2020-04-01,11,2
"AB",2020-04-02,13,2
"AB",2020-04-03,18,5
"AB",2020-04-04,20,2
"AB",2020-04-05,23,3
"AB",2020-04-06,24,1
"AB",2020-04-07,26,2
"AB",2020-04-08,29,3
"AB",2020-04-09,32,3
"AB",2020-04-10,39,7
"AB",2020-04-11,40,1
"AB",2020-04-12,44,4
"AB",2020-04-13,46,2
"AB",2020-04-14,48,2
"AB",2020-04-15,48,0
"AB",2020-04-16,50,2
"AB",2020-04-17,50,0
"AB",2020-04-18,51,1
"AB",2020-04-19,55,4
"AB",2020-04-20,59,4
"AB",2020-04-21,61,2
"AB",2020-04-22,66,5
"AB",2020-04-23,68,2
"AB",2020-04-24,72,4
"AB",2020-04-25,73,1
"AB",2020-04-26,73,0
"AB",2020-04-27,75,2
"AB",2020-04-28,80,5
"AB",2020-04-29,87,7
"AB",2020-04-30,89,2
"AB",2020-05-01,92,3
"AB",2020-05-02,94,2
"AB",2020-05-03,95,1
"AB",2020-05-04,104,9
"AB",2020-05-05,106,2
"AB",2020-05-06,112,6
"AB",2020-05-07,114,2
"AB",2020-05-08,115,1
"AB",2020-05-09,116,1
"AB",2020-05-10,117,1
"AB",2020-05-11,117,0
"AB",2020-05-12,118,1
"AB",2020-05-13,120,2
"AB",2020-05-14,121,1
"AB",2020-05-15,125,4
"AB",2020-05-16,126,1
"AB",2020-05-17,127,1
"AB",2020-05-18,128,1
"AB",2020-05-19,128,0
"AB",2020-05-20,128,0
"AB",2020-05-21,132,4
"AB",2020-05-22,134,2
"AB",2020-05-23,135,1
"AB",2020-05-24,135,0
"AB",2020-05-25,138,3
"AB",2020-05-26,139,1
"AB",2020-05-27,141,2
"AB",2020-05-28,143,2
"AB",2020-05-29,143,0
"AB",2020-05-30,143,0
"AB",2020-05-31,143,0
"AB",2020-06-01,143,0
"AB",2020-06-02,143,0
"AB",2020-06-03,145,2
"AB",2020-06-04,146,1
"AB",2020-06-05,146,0
"AB",2020-06-06,146,0
"AB",2020-06-07,146,0
"AB",2020-06-08,148,2
"AB",2020-06-09,149,1
"AB",2020-06-10,149,0
"AB",2020-06-11,149,0
"AB",2020-06-12,149,0
"AB",2020-06-13,150,1
"AB",2020-06-14,150,0
"AB",2020-06-15,151,1
"AB",2020-06-16,151,0
"AB",2020-06-17,151,0
"AB",2020-06-18,152,1
"AB",2020-06-19,152,0
"AB",2020-06-20,152,0
"AB",2020-06-21,152,0
"AB",2020-06-22,153,1
"AB",2020-06-23,153,0
"AB",2020-06-24,153,0
"AB",2020-06-25,154,1
"AB",2020-06-26,154,0
"AB",2020-06-27,154,0
"AB",2020-06-28,154,0
"AB",2020-06-29,154,0
"AB",2020-06-30,154,0
"AB",2020-07-01,154,0
"AB",2020-07-02,155,1
"AB",2020-07-03,155,0
"AB",2020-07-04,155,0
"AB",2020-07-05,155,0
"AB",2020-07-06,155,0
"AB",2020-07-07,157,2
"AB",2020-07-08,158,1
"AB",2020-07-09,160,2
"AB",2020-07-10,160,0
"AB",2020-07-11,160,0
"AB",2020-07-12,160,0
"AB",2020-07-13,161,1
"AB",2020-07-14,163,2
"AB",2020-07-15,163,0
"AB",2020-07-16,165,2
"AB",2020-07-17,167,2
"AB",2020-07-18,167,0
"AB",2020-07-19,167,0
"AB",2020-07-20,170,3
"AB",2020-07-21,171,1
"AB",2020-07-22,173,2
"AB",2020-07-23,175,2
"AB",2020-07-24,177,2
"AB",2020-07-25,177,0
"AB",2020-07-26,177,0
"AB",2020-07-27,185,8
"AB",2020-07-28,187,2
"AB",2020-07-29,190,3
"AB",2020-07-30,195,5
"AB",2020-07-31,196,1
"AB",2020-08-01,196,0
"AB",2020-08-02,196,0
"AB",2020-08-03,196,0
"AB",2020-08-04,201,5
"AB",2020-08-05,203,2
"AB",2020-08-06,205,2
"AB",2020-08-07,208,3
"AB",2020-08-08,208,0
"AB",2020-08-09,208,0
"AB",2020-08-10,213,5
"AB",2020-08-11,216,3
"AB",2020-08-12,217,1
"AB",2020-08-13,220,3
"AB",2020-08-14,221,1
"AB",2020-08-15,221,0
"AB",2020-08-16,221,0
"AB",2020-08-17,224,3
"AB",2020-08-18,225,1
"AB",2020-08-19,227,2
"AB",2020-08-20,228,1
"AB",2020-08-21,230,2
"AB",2020-08-22,230,0
"AB",2020-08-23,230,0
"AB",2020-08-24,234,4
"AB",2020-08-25,235,1
"AB",2020-08-26,235,0
"AB",2020-08-27,237,2
"AB",2020-08-28,237,0
"AB",2020-08-29,237,0
"AB",2020-08-30,237,0
"AB",2020-08-31,239,2
"AB",2020-09-01,241,2
"AB",2020-09-02,242,1
"AB",2020-09-03,242,0
"AB",2020-09-04,242,0
"AB",2020-09-05,242,0
"AB",2020-09-06,242,0
"AB",2020-09-07,242,0
"AB",2020-09-08,247,5
"AB",2020-09-09,248,1
"AB",2020-09-10,253,5
"AB",2020-09-11,253,0
"AB",2020-09-12,253,0
"AB",2020-09-13,253,0
"AB",2020-09-14,254,1
"AB",2020-09-15,254,0
"AB",2020-09-16,254,0
"AB",2020-09-17,254,0
"AB",2020-09-18,255,1
"AB",2020-09-19,255,0
"AB",2020-09-20,255,0
"AB",2020-09-21,256,1
"AB",2020-09-22,258,2
"AB",2020-09-23,260,2
"AB",2020-09-24,261,1
"AB",2020-09-25,261,0
"AB",2020-09-26,261,0
"AB",2020-09-27,261,0
"AB",2020-09-28,265,4
"AB",2020-09-29,266,1
"AB",2020-09-30,267,1
"AB",2020-10-01,269,2
"AB",2020-10-02,272,3
"AB",2020-10-03,272,0
"AB",2020-10-04,272,0
"AB",2020-10-05,280,8
"AB",2020-10-06,281,1
"AB",2020-10-07,281,0
"AB",2020-10-08,282,1
"AB",2020-10-09,282,0
"AB",2020-10-10,282,0
"AB",2020-10-11,282,0
"AB",2020-10-12,282,0
"AB",2020-10-13,286,4
"AB",2020-10-14,287,1
"AB",2020-10-15,288,1
"AB",2020-10-16,288,0
"AB",2020-10-17,288,0
"AB",2020-10-18,288,0
"AB",2020-10-19,292,4
"AB",2020-10-20,293,1
"AB",2020-10-21,296,3
"AB",2020-10-22,296,0
"AB",2020-10-23,300,4
"AB",2020-10-24,300,0
"AB",2020-10-25,300,0
"AB",2020-10-26,307,7
"AB",2020-10-27,309,2
"AB",2020-10-28,313,4
"AB",2020-10-29,318,5
"AB",2020-10-30,323,5
"AB",2020-10-31,323,0
"AB",2020-11-01,323,0
"AB",2020-11-02,323,0
"AB",2020-11-03,338,15
"AB",2020-11-04,343,5
"AB",2020-11-05,343,0
"AB",2020-11-06,352,9
"AB",2020-11-07,357,5
"AB",2020-11-08,363,6
"AB",2020-11-09,370,7
"AB",2020-11-10,376,6
"AB",2020-11-11,383,7
"AB",2020-11-12,393,10
"AB",2020-11-13,398,5
"AB",2020-11-14,401,3
"AB",2020-11-15,407,6
"AB",2020-11-16,427,20
"AB",2020-11-17,432,5
"AB",2020-11-18,443,11
"AB",2020-11-19,451,8
"AB",2020-11-20,462,11
"AB",2020-11-21,471,9
"AB",2020-11-22,471,0
"AB",2020-11-23,476,5
"AB",2020-11-24,491,15
"AB",2020-11-25,500,9
"AB",2020-11-26,510,10
"AB",2020-11-27,519,9
"AB",2020-11-28,524,5
"AB",2020-11-29,533,9
"AB",2020-11-30,541,8
"AB",2020-12-01,551,10
"AB",2020-12-02,561,10
"AB",2020-12-03,575,14
"AB",2020-12-04,590,15
"AB",2020-12-05,596,6
"AB",2020-12-06,615,19
"AB",2020-12-07,631,16
"AB",2020-12-08,640,9
"AB",2020-12-09,653,13
"AB",2020-12-10,666,13
"AB",2020-12-11,684,18
"AB",2020-12-12,697,13
"AB",2020-12-13,719,22
"AB",2020-12-14,733,14
"AB",2020-12-15,744,11
"AB",2020-12-16,760,16
"AB",2020-12-17,790,30
"AB",2020-12-18,815,25
"AB",2020-12-19,841,26
"AB",2020-12-20,851,10
"AB",2020-12-21,860,9
"AB",2020-12-22,871,11
"AB",2020-12-23,890,19
"AB",2020-12-24,890,0
"AB",2020-12-25,890,0
"AB",2020-12-26,890,0
"AB",2020-12-27,890,0
"AB",2020-12-28,1002,112
"AB",2020-12-29,1028,26
"AB",2020-12-30,1046,18
"AB",2020-12-31,1046,0
"AB",2021-01-01,1046,0
"AB",2021-01-02,1046,0
"AB",2021-01-03,1046,0
"AB",2021-01-04,1142,96
"AB",2021-01-05,1168,26
"AB",2021-01-06,1193,25
"AB",2021-01-07,1217,24
"AB",2021-01-08,1241,24
"AB",2021-01-09,1272,31
"AB",2021-01-10,1284,12
"AB",2021-01-11,1307,23
"AB",2021-01-12,1345,38
"AB",2021-01-13,1368,23
"AB",2021-01-14,1389,21
"AB",2021-01-15,1402,13
"AB",2021-01-16,1417,15
"AB",2021-01-17,1436,19
"AB",2021-01-18,1447,11
"AB",2021-01-19,1463,16
"AB",2021-01-20,1484,21
"AB",2021-01-21,1500,16
"AB",2021-01-22,1512,12
"AB",2021-01-23,1525,13
"AB",2021-01-24,1549,24
"AB",2021-01-25,1574,25
"AB",2021-01-26,1587,13
"AB",2021-01-27,1599,12
"AB",2021-01-28,1606,7
"AB",2021-01-29,1620,14
"AB",2021-01-30,1631,11
"AB",2021-01-31,1639,8
"BC",2020-03-08,1,1
"BC",2020-03-09,1,0
"BC",2020-03-10,1,0
"BC",2020-03-11,1,0
"BC",2020-03-12,1,0
"BC",2020-03-13,1,0
"BC",2020-03-14,1,0
"BC",2020-03-15,1,0
"BC",2020-03-16,4,3
"BC",2020-03-17,7,3
"BC",2020-03-18,7,0
"BC",2020-03-19,8,1
"BC",2020-03-20,9,1
"BC",2020-03-21,10,1
"BC",2020-03-22,10,0
"BC",2020-03-23,13,3
"BC",2020-03-24,13,0
"BC",2020-03-25,14,1
"BC",2020-03-26,14,0
"BC",2020-03-27,16,2
"BC",2020-03-28,17,1
"BC",2020-03-29,17,0
"BC",2020-03-30,19,2
"BC",2020-03-31,24,5
"BC",2020-04-01,25,1
"BC",2020-04-02,31,6
"BC",2020-04-03,35,4
"BC",2020-04-04,38,3
"BC",2020-04-05,38,0
"BC",2020-04-06,39,1
"BC",2020-04-07,43,4
"BC",2020-04-08,48,5
"BC",2020-04-09,50,2
"BC",2020-04-10,55,5
"BC",2020-04-11,58,3
"BC",2020-04-12,58,0
"BC",2020-04-13,69,11
"BC",2020-04-14,72,3
"BC",2020-04-15,75,3
"BC",2020-04-16,77,2
"BC",2020-04-17,78,1
"BC",2020-04-18,81,3
"BC",2020-04-19,81,0
"BC",2020-04-20,86,5
"BC",2020-04-21,87,1
"BC",2020-04-22,90,3
"BC",2020-04-23,94,4
"BC",2020-04-24,98,4
"BC",2020-04-25,100,2
"BC",2020-04-26,100,0
"BC",2020-04-27,103,3
"BC",2020-04-28,105,2
"BC",2020-04-29,109,4
"BC",2020-04-30,111,2
"BC",2020-05-01,112,1
"BC",2020-05-02,114,2
"BC",2020-05-03,114,0
"BC",2020-05-04,117,3
"BC",2020-05-05,121,4
"BC",2020-05-06,124,3
"BC",2020-05-07,126,2
"BC",2020-05-08,127,1
"BC",2020-05-09,129,2
"BC",2020-05-10,129,0
"BC",2020-05-11,130,1
"BC",2020-05-12,131,1
"BC",2020-05-13,132,1
"BC",2020-05-14,135,3
"BC",2020-05-15,140,5
"BC",2020-05-16,141,1
"BC",2020-05-17,141,0
"BC",2020-05-18,143,2
"BC",2020-05-19,146,3
"BC",2020-05-20,149,3
"BC",2020-05-21,152,3
"BC",2020-05-22,155,3
"BC",2020-05-23,157,2
"BC",2020-05-24,157,0
"BC",2020-05-25,161,4
"BC",2020-05-26,161,0
"BC",2020-05-27,162,1
"BC",2020-05-28,164,2
"BC",2020-05-29,164,0
"BC",2020-05-30,164,0
"BC",2020-05-31,164,0
"BC",2020-06-01,165,1
"BC",2020-06-02,165,0
"BC",2020-06-03,166,1
"BC",2020-06-04,166,0
"BC",2020-06-05,167,1
"BC",2020-06-06,167,0
"BC",2020-06-07,167,0
"BC",2020-06-08,167,0
"BC",2020-06-09,167,0
"BC",2020-06-10,167,0
"BC",2020-06-11,167,0
"BC",2020-06-12,168,1
"BC",2020-06-13,168,0
"BC",2020-06-14,168,0
"BC",2020-06-15,168,0
"BC",2020-06-16,168,0
"BC",2020-06-17,168,0
"BC",2020-06-18,168,0
"BC",2020-06-19,168,0
"BC",2020-06-20,168,0
"BC",2020-06-21,168,0
"BC",2020-06-22,169,1
"BC",2020-06-23,170,1
"BC",2020-06-24,171,1
"BC",2020-06-25,173,2
"BC",2020-06-26,174,1
"BC",2020-06-27,174,0
"BC",2020-06-28,174,0
"BC",2020-06-29,174,0
"BC",2020-06-30,174,0
"BC",2020-07-01,174,0
"BC",2020-07-02,177,3
"BC",2020-07-03,177,0
"BC",2020-07-04,177,0
"BC",2020-07-05,177,0
"BC",2020-07-06,183,6
"BC",2020-07-07,183,0
"BC",2020-07-08,186,3
"BC",2020-07-09,186,0
"BC",2020-07-10,187,1
"BC",2020-07-11,187,0
"BC",2020-07-12,187,0
"BC",2020-07-13,189,2
"BC",2020-07-14,189,0
"BC",2020-07-15,189,0
"BC",2020-07-16,189,0
"BC",2020-07-17,189,0
"BC",2020-07-18,189,0
"BC",2020-07-19,189,0
"BC",2020-07-20,189,0
"BC",2020-07-21,189,0
"BC",2020-07-22,189,0
"BC",2020-07-23,190,1
"BC",2020-07-24,191,1
"BC",2020-07-25,191,0
"BC",2020-07-26,191,0
"BC",2020-07-27,193,2
"BC",2020-07-28,194,1
"BC",2020-07-29,194,0
"BC",2020-07-30,194,0
"BC",2020-07-31,195,1
"BC",2020-08-01,195,0
"BC",2020-08-02,195,0
"BC",2020-08-03,195,0
"BC",2020-08-04,195,0
"BC",2020-08-05,195,0
"BC",2020-08-06,195,0
"BC",2020-08-07,195,0
"BC",2020-08-08,195,0
"BC",2020-08-09,195,0
"BC",2020-08-10,195,0
"BC",2020-08-11,195,0
"BC",2020-08-12,196,1
"BC",2020-08-13,196,0
"BC",2020-08-14,196,0
"BC",2020-08-15,196,0
"BC",2020-08-16,196,0
"BC",2020-08-17,198,2
"BC",2020-08-18,198,0
"BC",2020-08-19,198,0
"BC",2020-08-20,200,2
"BC",2020-08-21,202,2
"BC",2020-08-22,202,0
"BC",2020-08-23,202,0
"BC",2020-08-24,203,1
"BC",2020-08-25,203,0
"BC",2020-08-26,203,0
"BC",2020-08-27,204,1
"BC",2020-08-28,204,0
"BC",2020-08-29,204,0
"BC",2020-08-30,204,0
"BC",2020-08-31,208,4
"BC",2020-09-01,209,1
"BC",2020-09-02,209,0
"BC",2020-09-03,210,1
"BC",2020-09-04,211,1
"BC",2020-09-05,211,0
"BC",2020-09-06,211,0
"BC",2020-09-07,211,0
"BC",2020-09-08,213,2
"BC",2020-09-09,213,0
"BC",2020-09-10,213,0
"BC",2020-09-11,213,0
"BC",2020-09-12,213,0
"BC",2020-09-13,213,0
"BC",2020-09-14,219,6
"BC",2020-09-15,219,0
"BC",2020-09-16,219,0
"BC",2020-09-17,220,1
"BC",2020-09-18,223,3
"BC",2020-09-19,223,0
"BC",2020-09-20,223,0
"BC",2020-09-21,227,4
"BC",2020-09-22,227,0
"BC",2020-09-23,227,0
"BC",2020-09-24,229,2
"BC",2020-09-25,230,1
"BC",2020-09-26,230,0
"BC",2020-09-27,230,0
"BC",2020-09-28,233,3
"BC",2020-09-29,234,1
"BC",2020-09-30,234,0
"BC",2020-10-01,235,1
"BC",2020-10-02,238,3
"BC",2020-10-03,238,0
"BC",2020-10-04,238,0
"BC",2020-10-05,242,4
"BC",2020-10-06,244,2
"BC",2020-10-07,244,0
"BC",2020-10-08,245,1
"BC",2020-10-09,245,0
"BC",2020-10-10,245,0
"BC",2020-10-11,245,0
"BC",2020-10-12,245,0
"BC",2020-10-13,250,5
"BC",2020-10-14,250,0
"BC",2020-10-15,250,0
"BC",2020-10-16,251,1
"BC",2020-10-17,251,0
"BC",2020-10-18,251,0
"BC",2020-10-19,253,2
"BC",2020-10-20,254,1
"BC",2020-10-21,256,2
"BC",2020-10-22,256,0
"BC",2020-10-23,256,0
"BC",2020-10-24,256,0
"BC",2020-10-25,256,0
"BC",2020-10-26,259,3
"BC",2020-10-27,259,0
"BC",2020-10-28,261,2
"BC",2020-10-29,262,1
"BC",2020-10-30,263,1
"BC",2020-10-31,263,0
"BC",2020-11-01,263,0
"BC",2020-11-02,269,6
"BC",2020-11-03,272,3
"BC",2020-11-04,273,1
"BC",2020-11-05,273,0
"BC",2020-11-06,275,2
"BC",2020-11-07,276,1
"BC",2020-11-08,276,0
"BC",2020-11-09,281,5
"BC",2020-11-10,284,3
"BC",2020-11-11,284,0
"BC",2020-11-12,288,4
"BC",2020-11-13,290,2
"BC",2020-11-14,290,0
"BC",2020-11-15,290,0
"BC",2020-11-16,299,9
"BC",2020-11-17,310,11
"BC",2020-11-18,320,10
"BC",2020-11-19,321,1
"BC",2020-11-20,331,10
"BC",2020-11-21,331,0
"BC",2020-11-22,331,0
"BC",2020-11-23,348,17
"BC",2020-11-24,358,10
"BC",2020-11-25,371,13
"BC",2020-11-26,384,13
"BC",2020-11-27,395,11
"BC",2020-11-28,395,0
"BC",2020-11-29,395,0
"BC",2020-11-30,441,46
"BC",2020-12-01,457,16
"BC",2020-12-02,469,12
"BC",2020-12-03,481,12
"BC",2020-12-04,492,11
"BC",2020-12-05,492,0
"BC",2020-12-06,492,0
"BC",2020-12-07,527,35
"BC",2020-12-08,543,16
"BC",2020-12-09,559,16
"BC",2020-12-10,587,28
"BC",2020-12-11,598,11
"BC",2020-12-12,598,0
"BC",2020-12-13,598,0
"BC",2020-12-14,647,49
"BC",2020-12-15,668,21
"BC",2020-12-16,692,24
"BC",2020-12-17,713,21
"BC",2020-12-18,724,11
"BC",2020-12-19,724,0
"BC",2020-12-20,724,0
"BC",2020-12-21,765,41
"BC",2020-12-22,777,12
"BC",2020-12-23,796,19
"BC",2020-12-24,808,12
"BC",2020-12-25,808,0
"BC",2020-12-26,808,0
"BC",2020-12-27,808,0
"BC",2020-12-28,808,0
"BC",2020-12-29,882,74
"BC",2020-12-30,893,11
"BC",2020-12-31,901,8
"BC",2021-01-01,901,0
"BC",2021-01-02,901,0
"BC",2021-01-03,901,0
"BC",2021-01-04,946,45
"BC",2021-01-05,954,8
"BC",2021-01-06,962,8
"BC",2021-01-07,970,8
"BC",2021-01-08,988,18
"BC",2021-01-09,988,0
"BC",2021-01-10,988,0
"BC",2021-01-11,1010,22
"BC",2021-01-12,1019,9
"BC",2021-01-13,1031,12
"BC",2021-01-14,1038,7
"BC",2021-01-15,1047,9
"BC",2021-01-16,1047,0
"BC",2021-01-17,1047,0
"BC",2021-01-18,1078,31
"BC",2021-01-19,1090,12
"BC",2021-01-20,1104,14
"BC",2021-01-21,1119,15
"BC",2021-01-22,1128,9
"BC",2021-01-23,1128,0
"BC",2021-01-24,1128,0
"BC",2021-01-25,1154,26
"BC",2021-01-26,1168,14
"BC",2021-01-27,1172,4
"BC",2021-01-28,1184,12
"BC",2021-01-29,1189,5
"BC",2021-01-30,1189,0
"BC",2021-01-31,1189,0
"MB",2020-03-08,0,0
"MB",2020-03-09,0,0
"MB",2020-03-10,0,0
"MB",2020-03-11,0,0
"MB",2020-03-12,0,0
"MB",2020-03-13,0,0
"MB",2020-03-14,0,0
"MB",2020-03-15,0,0
"MB",2020-03-16,0,0
"MB",2020-03-17,0,0
"MB",2020-03-18,0,0
"MB",2020-03-19,0,0
"MB",2020-03-20,0,0
"MB",2020-03-21,0,0
"MB",2020-03-22,0,0
"MB",2020-03-23,0,0
"MB",2020-03-24,0,0
"MB",2020-03-25,0,0
"MB",2020-03-26,0,0
"MB",2020-03-27,1,1
"MB",2020-03-28,1,0
"MB",2020-03-29,1,0
"MB",2020-03-30,1,0
"MB",2020-03-31,1,0
"MB",2020-04-01,1,0
"MB",2020-04-02,1,0
"MB",2020-04-03,2,1
"MB",2020-04-04,2,0
"MB",2020-04-05,2,0
"MB",2020-04-06,2,0
"MB",2020-04-07,3,1
"MB",2020-04-08,3,0
"MB",2020-04-09,3,0
"MB",2020-04-10,4,1
"MB",2020-04-11,4,0
"MB",2020-04-12,4,0
"MB",2020-04-13,4,0
"MB",2020-04-14,4,0
"MB",2020-04-15,5,1
"MB",2020-04-16,5,0
"MB",2020-04-17,5,0
"MB",2020-04-18,5,0
"MB",2020-04-19,5,0
"MB",2020-04-20,6,1
"MB",2020-04-21,6,0
"MB",2020-04-22,6,0
"MB",2020-04-23,6,0
"MB",2020-04-24,6,0
"MB",2020-04-25,6,0
"MB",2020-04-26,6,0
"MB",2020-04-27,6,0
"MB",2020-04-28,6,0
"MB",2020-04-29,6,0
"MB",2020-04-30,6,0
"MB",2020-05-01,6,0
"MB",2020-05-02,6,0
"MB",2020-05-03,6,0
"MB",2020-05-04,6,0
"MB",2020-05-05,7,1
"MB",2020-05-06,7,0
"MB",2020-05-07,7,0
"MB",2020-05-08,7,0
"MB",2020-05-09,7,0
"MB",2020-05-10,7,0
"MB",2020-05-11,7,0
"MB",2020-05-12,7,0
"MB",2020-05-13,7,0
"MB",2020-05-14,7,0
"MB",2020-05-15,7,0
"MB",2020-05-16,7,0
"MB",2020-05-17,7,0
"MB",2020-05-18,7,0
"MB",2020-05-19,7,0
"MB",2020-05-20,7,0
"MB",2020-05-21,7,0
"MB",2020-05-22,7,0
"MB",2020-05-23,7,0
"MB",2020-05-24,7,0
"MB",2020-05-25,7,0
"MB",2020-05-26,7,0
"MB",2020-05-27,7,0
"MB",2020-05-28,7,0
"MB",2020-05-29,7,0
"MB",2020-05-30,7,0
"MB",2020-05-31,7,0
"MB",2020-06-01,7,0
"MB",2020-06-02,7,0
"MB",2020-06-03,7,0
"MB",2020-06-04,7,0
"MB",2020-06-05,7,0
"MB",2020-06-06,7,0
"MB",2020-06-07,7,0
"MB",2020-06-08,7,0
"MB",2020-06-09,7,0
"MB",2020-06-10,7,0
"MB",2020-06-11,7,0
"MB",2020-06-12,7,0
"MB",2020-06-13,7,0
"MB",2020-06-14,7,0
"MB",2020-06-15,7,0
"MB",2020-06-16,7,0
"MB",2020-06-17,7,0
"MB",2020-06-18,7,0
"MB",2020-06-19,7,0
"MB",2020-06-20,7,0
"MB",2020-06-21,7,0
"MB",2020-06-22,7,0
"MB",2020-06-23,7,0
"MB",2020-06-24,7,0
"MB",2020-06-25,7,0
"MB",2020-06-26,7,0
"MB",2020-06-27,7,0
"MB",2020-06-28,7,0
"MB",2020-06-29,7,0
"MB",2020-06-30,7,0
"MB",2020-07-01,7,0
"MB",2020-07-02,7,0
"MB",2020-07-03,7,0
"MB",2020-07-04,7,0
"MB",2020-07-05,7,0
"MB",2020-07-06,7,0
"MB",2020-07-07,7,0
"MB",2020-07-08,7,0
"MB",2020-07-09,7,0
"MB",2020-07-10,7,0
"MB",2020-07-11,7,0
"MB",2020-07-12,7,0
"MB",2020-07-13,7,0
"MB",2020-07-14,7,0
"MB",2020-07-15,7,0
"MB",2020-07-16,7,0
"MB",2020-07-17,7,0
"MB",2020-07-18,7,0
"MB",2020-07-19,7,0
"MB",2020-07-20,7,0
"MB",2020-07-21,7,0
"MB",2020-07-22,7,0
"MB",2020-07-23,7,0
"MB",2020-07-24,7,0
"MB",2020-07-25,7,0
"MB",2020-07-26,7,0
"MB",2020-07-27,7,0
"MB",2020-07-28,8,1
"MB",2020-07-29,8,0
"MB",2020-07-30,8,0
"MB",2020-07-31,8,0
"MB",2020-08-01,8,0
"MB",2020-08-02,8,0
"MB",2020-08-03,8,0
"MB",2020-08-04,8,0
"MB",2020-08-05,8,0
"MB",2020-08-06,8,0
"MB",2020-08-07,8,0
"MB",2020-08-08,8,0
"MB",2020-08-09,8,0
"MB",2020-08-10,8,0
"MB",2020-08-11,8,0
"MB",2020-08-12,8,0
"MB",2020-08-13,8,0
"MB",2020-08-14,8,0
"MB",2020-08-15,9,1
"MB",2020-08-16,9,0
"MB",2020-08-17,9,0
"MB",2020-08-18,11,2
"MB",2020-08-19,12,1
"MB",2020-08-20,12,0
"MB",2020-08-21,12,0
"MB",2020-08-22,12,0
"MB",2020-08-23,12,0
"MB",2020-08-24,12,0
"MB",2020-08-25,13,1
"MB",2020-08-26,13,0
"MB",2020-08-27,14,1
"MB",2020-08-28,14,0
"MB",2020-08-29,14,0
"MB",2020-08-30,14,0
"MB",2020-08-31,14,0
"MB",2020-09-01,14,0
"MB",2020-09-02,14,0
"MB",2020-09-03,16,2
"MB",2020-09-04,16,0
"MB",2020-09-05,16,0
"MB",2020-09-06,16,0
"MB",2020-09-07,16,0
"MB",2020-09-08,16,0
"MB",2020-09-09,16,0
"MB",2020-09-10,16,0
"MB",2020-09-11,16,0
"MB",2020-09-12,16,0
"MB",2020-09-13,16,0
"MB",2020-09-14,16,0
"MB",2020-09-15,16,0
"MB",2020-09-16,16,0
"MB",2020-09-17,16,0
"MB",2020-09-18,16,0
"MB",2020-09-19,16,0
"MB",2020-09-20,16,0
"MB",2020-09-21,18,2
"MB",2020-09-22,18,0
"MB",2020-09-23,18,0
"MB",2020-09-24,19,1
"MB",2020-09-25,19,0
"MB",2020-09-26,19,0
"MB",2020-09-27,19,0
"MB",2020-09-28,20,1
"MB",2020-09-29,20,0
"MB",2020-09-30,20,0
"MB",2020-10-01,20,0
"MB",2020-10-02,21,1
"MB",2020-10-03,22,1
"MB",2020-10-04,23,1
"MB",2020-10-05,23,0
"MB",2020-10-06,24,1
"MB",2020-10-07,27,3
"MB",2020-10-08,27,0
"MB",2020-10-09,30,3
"MB",2020-10-10,32,2
"MB",2020-10-11,32,0
"MB",2020-10-12,34,2
"MB",2020-10-13,35,1
"MB",2020-10-14,37,2
"MB",2020-10-15,38,1
"MB",2020-10-16,38,0
"MB",2020-10-17,38,0
"MB",2020-10-18,40,2
"MB",2020-10-19,42,2
"MB",2020-10-20,42,0
"MB",2020-10-21,43,1
"MB",2020-10-22,47,4
"MB",2020-10-23,48,1
"MB",2020-10-24,50,2
"MB",2020-10-25,54,4
"MB",2020-10-26,55,1
"MB",2020-10-27,58,3
"MB",2020-10-28,61,3
"MB",2020-10-29,62,1
"MB",2020-10-30,65,3
"MB",2020-10-31,69,4
"MB",2020-11-01,75,6
"MB",2020-11-02,80,5
"MB",2020-11-03,85,5
"MB",2020-11-04,87,2
"MB",2020-11-05,91,4
"MB",2020-11-06,96,5
"MB",2020-11-07,103,7
"MB",2020-11-08,106,3
"MB",2020-11-09,109,3
"MB",2020-11-10,114,5
"MB",2020-11-11,123,9
"MB",2020-11-12,132,9
"MB",2020-11-13,137,5
"MB",2020-11-14,152,15
"MB",2020-11-15,162,10
"MB",2020-11-16,172,10
"MB",2020-11-17,179,7
"MB",2020-11-18,190,11
"MB",2020-11-19,198,8
"MB",2020-11-20,207,9
"MB",2020-11-21,217,10
"MB",2020-11-22,229,12
"MB",2020-11-23,235,6
"MB",2020-11-24,247,12
"MB",2020-11-25,256,9
"MB",2020-11-26,266,10
"MB",2020-11-27,280,14
"MB",2020-11-28,290,10
"MB",2020-11-29,301,11
"MB",2020-11-30,312,11
"MB",2020-12-01,328,16
"MB",2020-12-02,342,14
"MB",2020-12-03,354,12
"MB",2020-12-04,363,9
"MB",2020-12-05,382,19
"MB",2020-12-06,395,13
"MB",2020-12-07,407,12
"MB",2020-12-08,420,13
"MB",2020-12-09,438,18
"MB",2020-12-10,451,13
"MB",2020-12-11,465,14
"MB",2020-12-12,483,18
"MB",2020-12-13,490,7
"MB",2020-12-14,499,9
"MB",2020-12-15,508,9
"MB",2020-12-16,523,15
"MB",2020-12-17,537,14
"MB",2020-12-18,547,10
"MB",2020-12-19,555,8
"MB",2020-12-20,568,13
"MB",2020-12-21,572,4
"MB",2020-12-22,590,18
"MB",2020-12-23,605,15
"MB",2020-12-24,617,12
"MB",2020-12-25,617,0
"MB",2020-12-26,617,0
"MB",2020-12-27,645,28
"MB",2020-12-28,654,9
"MB",2020-12-29,659,5
"MB",2020-12-30,661,2
"MB",2020-12-31,667,6
"MB",2021-01-01,667,0
"MB",2021-01-02,678,11
"MB",2021-01-03,683,5
"MB",2021-01-04,688,5
"MB",2021-01-05,695,7
"MB",2021-01-06,705,10
"MB",2021-01-07,717,12
"MB",2021-01-08,726,9
"MB",2021-01-09,733,7
"MB",2021-01-10,737,4
"MB",2021-01-11,740,3
"MB",2021-01-12,747,7
"MB",2021-01-13,752,5
"MB",2021-01-14,754,2
"MB",2021-01-15,758,4
"MB",2021-01-16,760,2
"MB",2021-01-17,767,7
"MB",2021-01-18,770,3
"MB",2021-01-19,781,11
"MB",2021-01-20,787,6
"MB",2021-01-21,791,4
"MB",2021-01-22,793,2
"MB",2021-01-23,796,3
"MB",2021-01-24,799,3
"MB",2021-01-25,804,5
"MB",2021-01-26,809,5
"MB",2021-01-27,813,4
"MB",2021-01-28,820,7
"MB",2021-01-29,823,3
"MB",2021-01-30,825,2
"MB",2021-01-31,829,4
"NB",2020-03-08,0,0
"NB",2020-03-09,0,0
"NB",2020-03-10,0,0
"NB",2020-03-11,0,0
"NB",2020-03-12,0,0
"NB",2020-03-13,0,0
"NB",2020-03-14,0,0
"NB",2020-03-15,0,0
"NB",2020-03-16,0,0
"NB",2020-03-17,0,0
"NB",2020-03-18,0,0
"NB",2020-03-19,0,0
"NB",2020-03-20,0,0
"NB",2020-03-21,0,0
"NB",2020-03-22,0,0
"NB",2020-03-23,0,0
"NB",2020-03-24,0,0
"NB",2020-03-25,0,0
"NB",2020-03-26,0,0
"NB",2020-03-27,0,0
"NB",2020-03-28,0,0
"NB",2020-03-29,0,0
"NB",2020-03-30,0,0
"NB",2020-03-31,0,0
"NB",2020-04-01,0,0
"NB",2020-04-02,0,0
"NB",2020-04-03,0,0
"NB",2020-04-04,0,0
"NB",2020-04-05,0,0
"NB",2020-04-06,0,0
"NB",2020-04-07,0,0
"NB",2020-04-08,0,0
"NB",2020-04-09,0,0
"NB",2020-04-10,0,0
"NB",2020-04-11,0,0
"NB",2020-04-12,0,0
"NB",2020-04-13,0,0
"NB",2020-04-14,0,0
"NB",2020-04-15,0,0
"NB",2020-04-16,0,0
"NB",2020-04-17,0,0
"NB",2020-04-18,0,0
"NB",2020-04-19,0,0
"NB",2020-04-20,0,0
"NB",2020-04-21,0,0
"NB",2020-04-22,0,0
"NB",2020-04-23,0,0
"NB",2020-04-24,0,0
"NB",2020-04-25,0,0
"NB",2020-04-26,0,0
"NB",2020-04-27,0,0
"NB",2020-04-28,0,0
"NB",2020-04-29,0,0
"NB",2020-04-30,0,0
"NB",2020-05-01,0,0
"NB",2020-05-02,0,0
"NB",2020-05-03,0,0
"NB",2020-05-04,0,0
"NB",2020-05-05,0,0
"NB",2020-05-06,0,0
"NB",2020-05-07,0,0
"NB",2020-05-08,0,0
"NB",2020-05-09,0,0
"NB",2020-05-10,0,0
"NB",2020-05-11,0,0
"NB",2020-05-12,0,0
"NB",2020-05-13,0,0
"NB",2020-05-14,0,0
"NB",2020-05-15,0,0
"NB",2020-05-16,0,0
"NB",2020-05-17,0,0
"NB",2020-05-18,0,0
"NB",2020-05-19,0,0
"NB",2020-05-20,0,0
"NB",2020-05-21,0,0
"NB",2020-05-22,0,0
"NB",2020-05-23,0,0
"NB",2020-05-24,0,0
"NB",2020-05-25,0,0
"NB",2020-05-26,0,0
"NB",2020-05-27,0,0
"NB",2020-05-28,0,0
"NB",2020-05-29,0,0
"NB",2020-05-30,0,0
"NB",2020-05-31,0,0
"NB",2020-06-01,0,0
"NB",2020-06-02,0,0
"NB",2020-06-03,0,0
"NB",2020-06-04,1,1
"NB",2020-06-05,1,0
"NB",2020-06-06,1,0
"NB",2020-06-07,1,0
"NB",2020-06-08,1,0
"NB",2020-06-09,1,0
"NB",2020-06-10,1,0
"NB",2020-06-11,1,0
"NB",2020-06-12,1,0
"NB",2020-06-13,2,1
"NB",2020-06-14,2,0
"NB",2020-06-15,2,0
"NB",2020-06-16,2,0
"NB",2020-06-17,2,0
"NB",2020-06-18,2,0
"NB",2020-06-19,2,0
"NB",2020-06-20,2,0
"NB",2020-06-21,2,0
"NB",2020-06-22,2,0
"NB",2020-06-23,2,0
"NB",2020-06-24,2,0
"NB",2020-06-25,2,0
"NB",2020-06-26,2,0
"NB",2020-06-27,2,0
"NB",2020-06-28,2,0
"NB",2020-06-29,2,0
"NB",2020-06-30,2,0
"NB",2020-07-01,2,0
"NB",2020-07-02,2,0
"NB",2020-07-03,2,0
"NB",2020-07-04,2,0
"NB",2020-07-05,2,0
"NB",2020-07-06,2,0
"NB",2020-07-07,2,0
"NB",2020-07-08,2,0
"NB",2020-07-09,2,0
"NB",2020-07-10,2,0
"NB",2020-07-11,2,0
"NB",2020-07-12,2,0
"NB",2020-07-13,2,0
"NB",2020-07-14,2,0
"NB",2020-07-15,2,0
"NB",2020-07-16,2,0
"NB",2020-07-17,2,0
"NB",2020-07-18,2,0
"NB",2020-07-19,2,0
"NB",2020-07-20,2,0
"NB",2020-07-21,2,0
"NB",2020-07-22,2,0
"NB",2020-07-23,2,0
"NB",2020-07-24,2,0
"NB",2020-07-25,2,0
"NB",2020-07-26,2,0
"NB",2020-07-27,2,0
"NB",2020-07-28,2,0
"NB",2020-07-29,2,0
"NB",2020-07-30,2,0
"NB",2020-07-31,2,0
"NB",2020-08-01,2,0
"NB",2020-08-02,2,0
"NB",2020-08-03,2,0
"NB",2020-08-04,2,0
"NB",2020-08-05,2,0
"NB",2020-08-06,2,0
"NB",2020-08-07,2,0
"NB",2020-08-08,2,0
"NB",2020-08-09,2,0
"NB",2020-08-10,2,0
"NB",2020-08-11,2,0
"NB",2020-08-12,2,0
"NB",2020-08-13,2,0
"NB",2020-08-14,2,0
"NB",2020-08-15,2,0
"NB",2020-08-16,2,0
"NB",2020-08-17,2,0
"NB",2020-08-18,2,0
"NB",2020-08-19,2,0
"NB",2020-08-20,2,0
"NB",2020-08-21,2,0
"NB",2020-08-22,2,0
"NB",2020-08-23,2,0
"NB",2020-08-24,2,0
"NB",2020-08-25,2,0
"NB",2020-08-26,2,0
"NB",2020-08-27,2,0
"NB",2020-08-28,2,0
"NB",2020-08-29,2,0
"NB",2020-08-30,2,0
"NB",2020-08-31,2,0
"NB",2020-09-01,2,0
"NB",2020-09-02,2,0
"NB",2020-09-03,2,0
"NB",2020-09-04,2,0
"NB",2020-09-05,2,0
"NB",2020-09-06,2,0
"NB",2020-09-07,2,0
"NB",2020-09-08,2,0
"NB",2020-09-09,2,0
"NB",2020-09-10,2,0
"NB",2020-09-11,2,0
"NB",2020-09-12,2,0
"NB",2020-09-13,2,0
"NB",2020-09-14,2,0
"NB",2020-09-15,2,0
"NB",2020-09-16,2,0
"NB",2020-09-17,2,0
"NB",2020-09-18,2,0
"NB",2020-09-19,2,0
"NB",2020-09-20,2,0
"NB",2020-09-21,2,0
"NB",2020-09-22,2,0
"NB",2020-09-23,2,0
"NB",2020-09-24,2,0
"NB",2020-09-25,2,0
"NB",2020-09-26,2,0
"NB",2020-09-27,2,0
"NB",2020-09-28,2,0
"NB",2020-09-29,2,0
"NB",2020-09-30,2,0
"NB",2020-10-01,2,0
"NB",2020-10-02,2,0
"NB",2020-10-03,2,0
"NB",2020-10-04,2,0
"NB",2020-10-05,2,0
"NB",2020-10-06,2,0
"NB",2020-10-07,2,0
"NB",2020-10-08,2,0
"NB",2020-10-09,2,0
"NB",2020-10-10,2,0
"NB",2020-10-11,2,0
"NB",2020-10-12,2,0
"NB",2020-10-13,2,0
"NB",2020-10-14,2,0
"NB",2020-10-15,2,0
"NB",2020-10-16,2,0
"NB",2020-10-17,2,0
"NB",2020-10-18,3,1
"NB",2020-10-19,3,0
"NB",2020-10-20,3,0
"NB",2020-10-21,4,1
"NB",2020-10-22,4,0
"NB",2020-10-23,4,0
"NB",2020-10-24,4,0
"NB",2020-10-25,6,2
"NB",2020-10-26,6,0
"NB",2020-10-27,6,0
"NB",2020-10-28,6,0
"NB",2020-10-29,6,0
"NB",2020-10-30,6,0
"NB",2020-10-31,6,0
"NB",2020-11-01,6,0
"NB",2020-11-02,6,0
"NB",2020-11-03,6,0
"NB",2020-11-04,6,0
"NB",2020-11-05,6,0
"NB",2020-11-06,6,0
"NB",2020-11-07,6,0
"NB",2020-11-08,6,0
"NB",2020-11-09,6,0
"NB",2020-11-10,6,0
"NB",2020-11-11,6,0
"NB",2020-11-12,6,0
"NB",2020-11-13,6,0
"NB",2020-11-14,6,0
"NB",2020-11-15,6,0
"NB",2020-11-16,6,0
"NB",2020-11-17,6,0
"NB",2020-11-18,6,0
"NB",2020-11-19,6,0
"NB",2020-11-20,6,0
"NB",2020-11-21,6,0
"NB",2020-11-22,6,0
"NB",2020-11-23,7,1
"NB",2020-11-24,7,0
"NB",2020-11-25,7,0
"NB",2020-11-26,7,0
"NB",2020-11-27,7,0
"NB",2020-11-28,7,0
"NB",2020-11-29,7,0
"NB",2020-11-30,7,0
"NB",2020-12-01,7,0
"NB",2020-12-02,7,0
"NB",2020-12-03,7,0
"NB",2020-12-04,7,0
"NB",2020-12-05,7,0
"NB",2020-12-06,7,0
"NB",2020-12-07,7,0
"NB",2020-12-08,7,0
"NB",2020-12-09,7,0
"NB",2020-12-10,7,0
"NB",2020-12-11,8,1
"NB",2020-12-12,8,0
"NB",2020-12-13,8,0
"NB",2020-12-14,8,0
"NB",2020-12-15,8,0
"NB",2020-12-16,8,0
"NB",2020-12-17,8,0
"NB",2020-12-18,8,0
"NB",2020-12-19,8,0
"NB",2020-12-20,8,0
"NB",2020-12-21,8,0
"NB",2020-12-22,8,0
"NB",2020-12-23,8,0
"NB",2020-12-24,8,0
"NB",2020-12-25,8,0
"NB",2020-12-26,8,0
"NB",2020-12-27,8,0
"NB",2020-12-28,8,0
"NB",2020-12-29,8,0
"NB",2020-12-30,8,0
"NB",2020-12-31,9,1
"NB",2021-01-01,9,0
"NB",2021-01-02,9,0
"NB",2021-01-03,9,0
"NB",2021-01-04,9,0
"NB",2021-01-05,9,0
"NB",2021-01-06,9,0
"NB",2021-01-07,9,0
"NB",2021-01-08,9,0
"NB",2021-01-09,9,0
"NB",2021-01-10,9,0
"NB",2021-01-11,9,0
"NB",2021-01-12,11,2
"NB",2021-01-13,12,1
"NB",2021-01-14,12,0
"NB",2021-01-15,12,0
"NB",2021-01-16,12,0
"NB",2021-01-17,12,0
"NB",2021-01-18,12,0
"NB",2021-01-19,13,1
"NB",2021-01-20,13,0
"NB",2021-01-21,13,0
"NB",2021-01-22,13,0
"NB",2021-01-23,13,0
"NB",2021-01-24,13,0
"NB",2021-01-25,14,1
"NB",2021-01-26,14,0
"NB",2021-01-27,16,2
"NB",2021-01-28,16,0
"NB",2021-01-29,17,1
"NB",2021-01-30,18,1
"NB",2021-01-31,18,0
"NL",2020-03-08,0,0
"NL",2020-03-09,0,0
"NL",2020-03-10,0,0
"NL",2020-03-11,0,0
"NL",2020-03-12,0,0
"NL",2020-03-13,0,0
"NL",2020-03-14,0,0
"NL",2020-03-15,0,0
"NL",2020-03-16,0,0
"NL",2020-03-17,0,0
"NL",2020-03-18,0,0
"NL",2020-03-19,0,0
"NL",2020-03-20,0,0
"NL",2020-03-21,0,0
"NL",2020-03-22,0,0
"NL",2020-03-23,0,0
"NL",2020-03-24,0,0
"NL",2020-03-25,0,0
"NL",2020-03-26,0,0
"NL",2020-03-27,0,0
"NL",2020-03-28,0,0
"NL",2020-03-29,0,0
"NL",2020-03-30,1,1
"NL",2020-03-31,1,0
"NL",2020-04-01,1,0
"NL",2020-04-02,1,0
"NL",2020-04-03,1,0
"NL",2020-04-04,1,0
"NL",2020-04-05,1,0
"NL",2020-04-06,2,1
"NL",2020-04-07,2,0
"NL",2020-04-08,2,0
"NL",2020-04-09,2,0
"NL",2020-04-10,3,1
"NL",2020-04-11,3,0
"NL",2020-04-12,3,0
"NL",2020-04-13,3,0
"NL",2020-04-14,3,0
"NL",2020-04-15,3,0
"NL",2020-04-16,3,0
"NL",2020-04-17,3,0
"NL",2020-04-18,3,0
"NL",2020-04-19,3,0
"NL",2020-04-20,3,0
"NL",2020-04-21,3,0
"NL",2020-04-22,3,0
"NL",2020-04-23,3,0
"NL",2020-04-24,3,0
"NL",2020-04-25,3,0
"NL",2020-04-26,3,0
"NL",2020-04-27,3,0
"NL",2020-04-28,3,0
"NL",2020-04-29,3,0
"NL",2020-04-30,3,0
"NL",2020-05-01,3,0
"NL",2020-05-02,3,0
"NL",2020-05-03,3,0
"NL",2020-05-04,3,0
"NL",2020-05-05,3,0
"NL",2020-05-06,3,0
"NL",2020-05-07,3,0
"NL",2020-05-08,3,0
"NL",2020-05-09,3,0
"NL",2020-05-10,3,0
"NL",2020-05-11,3,0
"NL",2020-05-12,3,0
"NL",2020-05-13,3,0
"NL",2020-05-14,3,0
"NL",2020-05-15,3,0
"NL",2020-05-16,3,0
"NL",2020-05-17,3,0
"NL",2020-05-18,3,0
"NL",2020-05-19,3,0
"NL",2020-05-20,3,0
"NL",2020-05-21,3,0
"NL",2020-05-22,3,0
"NL",2020-05-23,3,0
"NL",2020-05-24,3,0
"NL",2020-05-25,3,0
"NL",2020-05-26,3,0
"NL",2020-05-27,3,0
"NL",2020-05-28,3,0
"NL",2020-05-29,3,0
"NL",2020-05-30,3,0
"NL",2020-05-31,3,0
"NL",2020-06-01,3,0
"NL",2020-06-02,3,0
"NL",2020-06-03,3,0
"NL",2020-06-04,3,0
"NL",2020-06-05,3,0
"NL",2020-06-06,3,0
"NL",2020-06-07,3,0
"NL",2020-06-08,3,0
"NL",2020-06-09,3,0
"NL",2020-06-10,3,0
"NL",2020-06-11,3,0
"NL",2020-06-12,3,0
"NL",2020-06-13,3,0
"NL",2020-06-14,3,0
"NL",2020-06-15,3,0
"NL",2020-06-16,3,0
"NL",2020-06-17,3,0
"NL",2020-06-18,3,0
"NL",2020-06-19,3,0
"NL",2020-06-20,3,0
"NL",2020-06-21,3,0
"NL",2020-06-22,3,0
"NL",2020-06-23,3,0
"NL",2020-06-24,3,0
"NL",2020-06-25,3,0
"NL",2020-06-26,3,0
"NL",2020-06-27,3,0
"NL",2020-06-28,3,0
"NL",2020-06-29,3,0
"NL",2020-06-30,3,0
"NL",2020-07-01,3,0
"NL",2020-07-02,3,0
"NL",2020-07-03,3,0
"NL",2020-07-04,3,0
"NL",2020-07-05,3,0
"NL",2020-07-06,3,0
"NL",2020-07-07,3,0
"NL",2020-07-08,3,0
"NL",2020-07-09,3,0
"NL",2020-07-10,3,0
"NL",2020-07-11,3,0
"NL",2020-07-12,3,0
"NL",2020-07-13,3,0
"NL",2020-07-14,3,0
"NL",2020-07-15,3,0
"NL",2020-07-16,3,0
"NL",2020-07-17,3,0
"NL",2020-07-18,3,0
"NL",2020-07-19,3,0
"NL",2020-07-20,3,0
"NL",2020-07-21,3,0
"NL",2020-07-22,3,0
"NL",2020-07-23,3,0
"NL",2020-07-24,3,0
"NL",2020-07-25,3,0
"NL",2020-07-26,3,0
"NL",2020-07-27,3,0
"NL",2020-07-28,3,0
"NL",2020-07-29,3,0
"NL",2020-07-30,3,0
"NL",2020-07-31,3,0
"NL",2020-08-01,3,0
"NL",2020-08-02,3,0
"NL",2020-08-03,3,0
"NL",2020-08-04,3,0
"NL",2020-08-05,3,0
"NL",2020-08-06,3,0
"NL",2020-08-07,3,0
"NL",2020-08-08,3,0
"NL",2020-08-09,3,0
"NL",2020-08-10,3,0
"NL",2020-08-11,3,0
"NL",2020-08-12,3,0
"NL",2020-08-13,3,0
"NL",2020-08-14,3,0
"NL",2020-08-15,3,0
"NL",2020-08-16,3,0
"NL",2020-08-17,3,0
"NL",2020-08-18,3,0
"NL",2020-08-19,3,0
"NL",2020-08-20,3,0
"NL",2020-08-21,3,0
"NL",2020-08-22,3,0
"NL",2020-08-23,3,0
"NL",2020-08-24,3,0
"NL",2020-08-25,3,0
"NL",2020-08-26,3,0
"NL",2020-08-27,3,0
"NL",2020-08-28,3,0
"NL",2020-08-29,3,0
"NL",2020-08-30,3,0
"NL",2020-08-31,3,0
"NL",2020-09-01,3,0
"NL",2020-09-02,3,0
"NL",2020-09-03,3,0
"NL",2020-09-04,3,0
"NL",2020-09-05,3,0
"NL",2020-09-06,3,0
"NL",2020-09-07,3,0
"NL",2020-09-08,3,0
"NL",2020-09-09,3,0
"NL",2020-09-10,3,0
"NL",2020-09-11,3,0
"NL",2020-09-12,3,0
"NL",2020-09-13,3,0
"NL",2020-09-14,3,0
"NL",2020-09-15,3,0
"NL",2020-09-16,3,0
"NL",2020-09-17,3,0
"NL",2020-09-18,3,0
"NL",2020-09-19,3,0
"NL",2020-09-20,3,0
"NL",2020-09-21,3,0
"NL",2020-09-22,3,0
"NL",2020-09-23,3,0
"NL",2020-09-24,3,0
"NL",2020-09-25,3,0
"NL",2020-09-26,3,0
"NL",2020-09-27,3,0
"NL",2020-09-28,3,0
"NL",2020-09-29,3,0
"NL",2020-09-30,3,0
"NL",2020-10-01,3,0
"NL",2020-10-02,3,0
"NL",2020-10-03,4,1
"NL",2020-10-04,4,0
"NL",2020-10-05,4,0
"NL",2020-10-06,4,0
"NL",2020-10-07,4,0
"NL",2020-10-08,4,0
"NL",2020-10-09,4,0
"NL",2020-10-10,4,0
"NL",2020-10-11,4,0
"NL",2020-10-12,4,0
"NL",2020-10-13,4,0
"NL",2020-10-14,4,0
"NL",2020-10-15,4,0
"NL",2020-10-16,4,0
"NL",2020-10-17,4,0
"NL",2020-10-18,4,0
"NL",2020-10-19,4,0
"NL",2020-10-20,4,0
"NL",2020-10-21,4,0
"NL",2020-10-22,4,0
"NL",2020-10-23,4,0
"NL",2020-10-24,4,0
"NL",2020-10-25,4,0
"NL",2020-10-26,4,0
"NL",2020-10-27,4,0
"NL",2020-10-28,4,0
"NL",2020-10-29,4,0
"NL",2020-10-30,4,0
"NL",2020-10-31,4,0
"NL",2020-11-01,4,0
"NL",2020-11-02,4,0
"NL",2020-11-03,4,0
"NL",2020-11-04,4,0
"NL",2020-11-05,4,0
"NL",2020-11-06,4,0
"NL",2020-11-07,4,0
"NL",2020-11-08,4,0
"NL",2020-11-09,4,0
"NL",2020-11-10,4,0
"NL",2020-11-11,4,0
"NL",2020-11-12,4,0
"NL",2020-11-13,4,0
"NL",2020-11-14,4,0
"NL",2020-11-15,4,0
"NL",2020-11-16,4,0
"NL",2020-11-17,4,0
"NL",2020-11-18,4,0
"NL",2020-11-19,4,0
"NL",2020-11-20,4,0
"NL",2020-11-21,4,0
"NL",2020-11-22,4,0
"NL",2020-11-23,4,0
"NL",2020-11-24,4,0
"NL",2020-11-25,4,0
"NL",2020-11-26,4,0
"NL",2020-11-27,4,0
"NL",2020-11-28,4,0
"NL",2020-11-29,4,0
"NL",2020-11-30,4,0
"NL",2020-12-01,4,0
"NL",2020-12-02,4,0
"NL",2020-12-03,4,0
"NL",2020-12-04,4,0
"NL",2020-12-05,4,0
"NL",2020-12-06,4,0
"NL",2020-12-07,4,0
"NL",2020-12-08,4,0
"NL",2020-12-09,4,0
"NL",2020-12-10,4,0
"NL",2020-12-11,4,0
"NL",2020-12-12,4,0
"NL",2020-12-13,4,0
"NL",2020-12-14,4,0
"NL",2020-12-15,4,0
"NL",2020-12-16,4,0
"NL",2020-12-17,4,0
"NL",2020-12-18,4,0
"NL",2020-12-19,4,0
"NL",2020-12-20,4,0
"NL",2020-12-21,4,0
"NL",2020-12-22,4,0
"NL",2020-12-23,4,0
"NL",2020-12-24,4,0
"NL",2020-12-25,4,0
"NL",2020-12-26,4,0
"NL",2020-12-27,4,0
"NL",2020-12-28,4,0
"NL",2020-12-29,4,0
"NL",2020-12-30,4,0
"NL",2020-12-31,4,0
"NL",2021-01-01,4,0
"NL",2021-01-02,4,0
"NL",2021-01-03,4,0
"NL",2021-01-04,4,0
"NL",2021-01-05,4,0
"NL",2021-01-06,4,0
"NL",2021-01-07,4,0
"NL",2021-01-08,4,0
"NL",2021-01-09,4,0
"NL",2021-01-10,4,0
"NL",2021-01-11,4,0
"NL",2021-01-12,4,0
"NL",2021-01-13,4,0
"NL",2021-01-14,4,0
"NL",2021-01-15,4,0
"NL",2021-01-16,4,0
"NL",2021-01-17,4,0
"NL",2021-01-18,4,0
"NL",2021-01-19,4,0
"NL",2021-01-20,4,0
"NL",2021-01-21,4,0
"NL",2021-01-22,4,0
"NL",2021-01-23,4,0
"NL",2021-01-24,4,0
"NL",2021-01-25,4,0
"NL",2021-01-26,4,0
"NL",2021-01-27,4,0
"NL",2021-01-28,4,0
"NL",2021-01-29,4,0
"NL",2021-01-30,4,0
"NL",2021-01-31,4,0
"NS",2020-03-08,0,0
"NS",2020-03-09,0,0
"NS",2020-03-10,0,0
"NS",2020-03-11,0,0
"NS",2020-03-12,0,0
"NS",2020-03-13,0,0
"NS",2020-03-14,0,0
"NS",2020-03-15,0,0
"NS",2020-03-16,0,0
"NS",2020-03-17,0,0
"NS",2020-03-18,0,0
"NS",2020-03-19,0,0
"NS",2020-03-20,0,0
"NS",2020-03-21,0,0
"NS",2020-03-22,0,0
"NS",2020-03-23,0,0
"NS",2020-03-24,0,0
"NS",2020-03-25,0,0
"NS",2020-03-26,0,0
"NS",2020-03-27,0,0
"NS",2020-03-28,0,0
"NS",2020-03-29,0,0
"NS",2020-03-30,0,0
"NS",2020-03-31,0,0
"NS",2020-04-01,0,0
"NS",2020-04-02,0,0
"NS",2020-04-03,0,0
"NS",2020-04-04,0,0
"NS",2020-04-05,0,0
"NS",2020-04-06,0,0
"NS",2020-04-07,1,1
"NS",2020-04-08,1,0
"NS",2020-04-09,2,1
"NS",2020-04-10,2,0
"NS",2020-04-11,2,0
"NS",2020-04-12,2,0
"NS",2020-04-13,3,1
"NS",2020-04-14,3,0
"NS",2020-04-15,3,0
"NS",2020-04-16,3,0
"NS",2020-04-17,4,1
"NS",2020-04-18,7,3
"NS",2020-04-19,9,2
"NS",2020-04-20,9,0
"NS",2020-04-21,10,1
"NS",2020-04-22,12,2
"NS",2020-04-23,16,4
"NS",2020-04-24,16,0
"NS",2020-04-25,22,6
"NS",2020-04-26,24,2
"NS",2020-04-27,24,0
"NS",2020-04-28,27,3
"NS",2020-04-29,28,1
"NS",2020-04-30,28,0
"NS",2020-05-01,29,1
"NS",2020-05-02,31,2
"NS",2020-05-03,37,6
"NS",2020-05-04,38,1
"NS",2020-05-05,41,3
"NS",2020-05-06,41,0
"NS",2020-05-07,44,3
"NS",2020-05-08,46,2
"NS",2020-05-09,47,1
"NS",2020-05-10,47,0
"NS",2020-05-11,48,1
"NS",2020-05-12,48,0
"NS",2020-05-13,51,3
"NS",2020-05-14,51,0
"NS",2020-05-15,55,4
"NS",2020-05-16,55,0
"NS",2020-05-17,55,0
"NS",2020-05-18,55,0
"NS",2020-05-19,56,1
"NS",2020-05-20,57,1
"NS",2020-05-21,58,1
"NS",2020-05-22,58,0
"NS",2020-05-23,58,0
"NS",2020-05-24,58,0
"NS",2020-05-25,58,0
"NS",2020-05-26,59,1
"NS",2020-05-27,59,0
"NS",2020-05-28,59,0
"NS",2020-05-29,59,0
"NS",2020-05-30,60,1
"NS",2020-05-31,60,0
"NS",2020-06-01,60,0
"NS",2020-06-02,60,0
"NS",2020-06-03,60,0
"NS",2020-06-04,61,1
"NS",2020-06-05,61,0
"NS",2020-06-06,61,0
"NS",2020-06-07,61,0
"NS",2020-06-08,61,0
"NS",2020-06-09,62,1
"NS",2020-06-10,62,0
"NS",2020-06-11,62,0
"NS",2020-06-12,62,0
"NS",2020-06-13,62,0
"NS",2020-06-14,62,0
"NS",2020-06-15,62,0
"NS",2020-06-16,62,0
"NS",2020-06-17,62,0
"NS",2020-06-18,62,0
"NS",2020-06-19,62,0
"NS",2020-06-20,62,0
"NS",2020-06-21,62,0
"NS",2020-06-22,63,1
"NS",2020-06-23,63,0
"NS",2020-06-24,63,0
"NS",2020-06-25,63,0
"NS",2020-06-26,63,0
"NS",2020-06-27,63,0
"NS",2020-06-28,63,0
"NS",2020-06-29,63,0
"NS",2020-06-30,63,0
"NS",2020-07-01,63,0
"NS",2020-07-02,63,0
"NS",2020-07-03,63,0
"NS",2020-07-04,63,0
"NS",2020-07-05,63,0
"NS",2020-07-06,63,0
"NS",2020-07-07,63,0
"NS",2020-07-08,63,0
"NS",2020-07-09,63,0
"NS",2020-07-10,63,0
"NS",2020-07-11,63,0
"NS",2020-07-12,63,0
"NS",2020-07-13,63,0
"NS",2020-07-14,63,0
"NS",2020-07-15,63,0
"NS",2020-07-16,63,0
"NS",2020-07-17,63,0
"NS",2020-07-18,63,0
"NS",2020-07-19,63,0
"NS",2020-07-20,63,0
"NS",2020-07-21,63,0
"NS",2020-07-22,63,0
"NS",2020-07-23,63,0
"NS",2020-07-24,63,0
"NS",2020-07-25,63,0
"NS",2020-07-26,63,0
"NS",2020-07-27,63,0
"NS",2020-07-28,63,0
"NS",2020-07-29,64,1
"NS",2020-07-30,64,0
"NS",2020-07-31,64,0
"NS",2020-08-01,64,0
"NS",2020-08-02,64,0
"NS",2020-08-03,64,0
"NS",2020-08-04,64,0
"NS",2020-08-05,64,0
"NS",2020-08-06,64,0
"NS",2020-08-07,64,0
"NS",2020-08-08,64,0
"NS",2020-08-09,64,0
"NS",2020-08-10,64,0
"NS",2020-08-11,64,0
"NS",2020-08-12,64,0
"NS",2020-08-13,64,0
"NS",2020-08-14,64,0
"NS",2020-08-15,64,0
"NS",2020-08-16,64,0
"NS",2020-08-17,64,0
"NS",2020-08-18,64,0
"NS",2020-08-19,64,0
"NS",2020-08-20,64,0
"NS",2020-08-21,64,0
"NS",2020-08-22,64,0
"NS",2020-08-23,65,1
"NS",2020-08-24,65,0
"NS",2020-08-25,65,0
"NS",2020-08-26,65,0
"NS",2020-08-27,65,0
"NS",2020-08-28,65,0
"NS",2020-08-29,65,0
"NS",2020-08-30,65,0
"NS",2020-08-31,65,0
"NS",2020-09-01,65,0
"NS",2020-09-02,65,0
"NS",2020-09-03,65,0
"NS",2020-09-04,65,0
"NS",2020-09-05,65,0
"NS",2020-09-06,65,0
"NS",2020-09-07,65,0
"NS",2020-09-08,65,0
"NS",2020-09-09,65,0
"NS",2020-09-10,65,0
"NS",2020-09-11,65,0
"NS",2020-09-12,65,0
"NS",2020-09-13,65,0
"NS",2020-09-14,65,0
"NS",2020-09-15,65,0
"NS",2020-09-16,65,0
"NS",2020-09-17,65,0
"NS",2020-09-18,65,0
"NS",2020-09-19,65,0
"NS",2020-09-20,65,0
"NS",2020-09-21,65,0
"NS",2020-09-22,65,0
"NS",2020-09-23,65,0
"NS",2020-09-24,65,0
"NS",2020-09-25,65,0
"NS",2020-09-26,65,0
"NS",2020-09-27,65,0
"NS",2020-09-28,65,0
"NS",2020-09-29,65,0
"NS",2020-09-30,65,0
"NS",2020-10-01,65,0
"NS",2020-10-02,65,0
"NS",2020-10-03,65,0
"NS",2020-10-04,65,0
"NS",2020-10-05,65,0
"NS",2020-10-06,65,0
"NS",2020-10-07,65,0
"NS",2020-10-08,65,0
"NS",2020-10-09,65,0
"NS",2020-10-10,65,0
"NS",2020-10-11,65,0
"NS",2020-10-12,65,0
"NS",2020-10-13,65,0
"NS",2020-10-14,65,0
"NS",2020-10-15,65,0
"NS",2020-10-16,65,0
"NS",2020-10-17,65,0
"NS",2020-10-18,65,0
"NS",2020-10-19,65,0
"NS",2020-10-20,65,0
"NS",2020-10-21,65,0
"NS",2020-10-22,65,0
"NS",2020-10-23,65,0
"NS",2020-10-24,65,0
"NS",2020-10-25,65,0
"NS",2020-10-26,65,0
"NS",2020-10-27,65,0
"NS",2020-10-28,65,0
"NS",2020-10-29,65,0
"NS",2020-10-30,65,0
"NS",2020-10-31,65,0
"NS",2020-11-01,65,0
"NS",2020-11-02,65,0
"NS",2020-11-03,65,0
"NS",2020-11-04,65,0
"NS",2020-11-05,65,0
"NS",2020-11-06,65,0
"NS",2020-11-07,65,0
"NS",2020-11-08,65,0
"NS",2020-11-09,65,0
"NS",2020-11-10,65,0
"NS",2020-11-11,65,0
"NS",2020-11-12,65,0
"NS",2020-11-13,65,0
"NS",2020-11-14,65,0
"NS",2020-11-15,65,0
"NS",2020-11-16,65,0
"NS",2020-11-17,65,0
"NS",2020-11-18,65,0
"NS",2020-11-19,65,0
"NS",2020-11-20,65,0
"NS",2020-11-21,65,0
"NS",2020-11-22,65,0
"NS",2020-11-23,65,0
"NS",2020-11-24,65,0
"NS",2020-11-25,65,0
"NS",2020-11-26,65,0
"NS",2020-11-27,65,0
"NS",2020-11-28,65,0
"NS",2020-11-29,65,0
"NS",2020-11-30,65,0
"NS",2020-12-01,65,0
"NS",2020-12-02,65,0
"NS",2020-12-03,65,0
"NS",2020-12-04,65,0
"NS",2020-12-05,65,0
"NS",2020-12-06,65,0
"NS",2020-12-07,65,0
"NS",2020-12-08,65,0
"NS",2020-12-09,65,0
"NS",2020-12-10,65,0
"NS",2020-12-11,65,0
"NS",2020-12-12,65,0
"NS",2020-12-13,65,0
"NS",2020-12-14,65,0
"NS",2020-12-15,65,0
"NS",2020-12-16,65,0
"NS",2020-12-17,65,0
"NS",2020-12-18,65,0
"NS",2020-12-19,65,0
"NS",2020-12-20,65,0
"NS",2020-12-21,65,0
"NS",2020-12-22,65,0
"NS",2020-12-23,65,0
"NS",2020-12-24,65,0
"NS",2020-12-25,65,0
"NS",2020-12-26,65,0
"NS",2020-12-27,65,0
"NS",2020-12-28,65,0
"NS",2020-12-29,65,0
"NS",2020-12-30,65,0
"NS",2020-12-31,65,0
"NS",2021-01-01,65,0
"NS",2021-01-02,65,0
"NS",2021-01-03,65,0
"NS",2021-01-04,65,0
"NS",2021-01-05,65,0
"NS",2021-01-06,65,0
"NS",2021-01-07,65,0
"NS",2021-01-08,65,0
"NS",2021-01-09,65,0
"NS",2021-01-10,65,0
"NS",2021-01-11,65,0
"NS",2021-01-12,65,0
"NS",2021-01-13,65,0
"NS",2021-01-14,65,0
"NS",2021-01-15,65,0
"NS",2021-01-16,65,0
"NS",2021-01-17,65,0
"NS",2021-01-18,65,0
"NS",2021-01-19,65,0
"NS",2021-01-20,65,0
"NS",2021-01-21,65,0
"NS",2021-01-22,65,0
"NS",2021-01-23,65,0
"NS",2021-01-24,65,0
"NS",2021-01-25,65,0
"NS",2021-01-26,65,0
"NS",2021-01-27,65,0
"NS",2021-01-28,65,0
"NS",2021-01-29,65,0
"NS",2021-01-30,65,0
"NS",2021-01-31,65,0
"NT",2020-01-31,0,0
"NT",2020-02-01,0,0
"NT",2020-02-02,0,0
"NT",2020-02-03,0,0
"NT",2020-02-04,0,0
"NT",2020-02-05,0,0
"NT",2020-02-06,0,0
"NT",2020-02-07,0,0
"NT",2020-02-08,0,0
"NT",2020-02-09,0,0
"NT",2020-02-10,0,0
"NT",2020-02-11,0,0
"NT",2020-02-12,0,0
"NT",2020-02-13,0,0
"NT",2020-02-14,0,0
"NT",2020-02-15,0,0
"NT",2020-02-16,0,0
"NT",2020-02-17,0,0
"NT",2020-02-18,0,0
"NT",2020-02-19,0,0
"NT",2020-02-20,0,0
"NT",2020-02-21,0,0
"NT",2020-02-22,0,0
"NT",2020-02-23,0,0
"NT",2020-02-24,0,0
"NT",2020-02-25,0,0
"NT",2020-02-26,0,0
"NT",2020-02-27,0,0
"NT",2020-02-28,0,0
"NT",2020-02-29,0,0
"NT",2020-03-01,0,0
"NT",2020-03-02,0,0
"NT",2020-03-03,0,0
"NT",2020-03-04,0,0
"NT",2020-03-05,0,0
"NT",2020-03-06,0,0
"NT",2020-03-07,0,0
"NT",2020-03-08,0,0
"NT",2020-03-09,0,0
"NT",2020-03-10,0,0
"NT",2020-03-11,0,0
"NT",2020-03-12,0,0
"NT",2020-03-13,0,0
"NT",2020-03-14,0,0
"NT",2020-03-15,0,0
"NT",2020-03-16,0,0
"NT",2020-03-17,0,0
"NT",2020-03-18,0,0
"NT",2020-03-19,0,0
"NT",2020-03-20,0,0
"NT",2020-03-21,0,0
"NT",2020-03-22,0,0
"NT",2020-03-23,0,0
"NT",2020-03-24,0,0
"NT",2020-03-25,0,0
"NT",2020-03-26,0,0
"NT",2020-03-27,0,0
"NT",2020-03-28,0,0
"NT",2020-03-29,0,0
"NT",2020-03-30,0,0
"NT",2020-03-31,0,0
"NT",2020-04-01,0,0
"NT",2020-04-02,0,0
"NT",2020-04-03,0,0
"NT",2020-04-04,0,0
"NT",2020-04-05,0,0
"NT",2020-04-06,0,0
"NT",2020-04-07,0,0
"NT",2020-04-08,0,0
"NT",2020-04-09,0,0
"NT",2020-04-10,0,0
"NT",2020-04-11,0,0
"NT",2020-04-12,0,0
"NT",2020-04-13,0,0
"NT",2020-04-14,0,0
"NT",2020-04-15,0,0
"NT",2020-04-16,0,0
"NT",2020-04-17,0,0
"NT",2020-04-18,0,0
"NT",2020-04-19,0,0
"NT",2020-04-20,0,0
"NT",2020-04-21,0,0
"NT",2020-04-22,0,0
"NT",2020-04-23,0,0
"NT",2020-04-24,0,0
"NT",2020-04-25,0,0
"NT",2020-04-26,0,0
"NT",2020-04-27,0,0
"NT",2020-04-28,0,0
"NT",2020-04-29,0,0
"NT",2020-04-30,0,0
"NT",2020-05-01,0,0
"NT",2020-05-02,0,0
"NT",2020-05-03,0,0
"NT",2020-05-04,0,0
"NT",2020-05-05,0,0
"NT",2020-05-06,0,0
"NT",2020-05-07,0,0
"NT",2020-05-08,0,0
"NT",2020-05-09,0,0
"NT",2020-05-10,0,0
"NT",2020-05-11,0,0
"NT",2020-05-12,0,0
"NT",2020-05-13,0,0
"NT",2020-05-14,0,0
"NT",2020-05-15,0,0
"NT",2020-05-16,0,0
"NT",2020-05-17,0,0
"NT",2020-05-18,0,0
"NT",2020-05-19,0,0
"NT",2020-05-20,0,0
"NT",2020-05-21,0,0
"NT",2020-05-22,0,0
"NT",2020-05-23,0,0
"NT",2020-05-24,0,0
"NT",2020-05-25,0,0
"NT",2020-05-26,0,0
"NT",2020-05-27,0,0
"NT",2020-05-28,0,0
"NT",2020-05-29,0,0
"NT",2020-05-30,0,0
"NT",2020-05-31,0,0
"NT",2020-06-01,0,0
"NT",2020-06-02,0,0
"NT",2020-06-03,0,0
"NT",2020-06-04,0,0
"NT",2020-06-05,0,0
"NT",2020-06-06,0,0
"NT",2020-06-07,0,0
"NT",2020-06-08,0,0
"NT",2020-06-09,0,0
"NT",2020-06-10,0,0
"NT",2020-06-11,0,0
"NT",2020-06-12,0,0
"NT",2020-06-13,0,0
"NT",2020-06-14,0,0
"NT",2020-06-15,0,0
"NT",2020-06-16,0,0
"NT",2020-06-17,0,0
"NT",2020-06-18,0,0
"NT",2020-06-19,0,0
"NT",2020-06-20,0,0
"NT",2020-06-21,0,0
"NT",2020-06-22,0,0
"NT",2020-06-23,0,0
"NT",2020-06-24,0,0
"NT",2020-06-25,0,0
"NT",2020-06-26,0,0
"NT",2020-06-27,0,0
"NT",2020-06-28,0,0
"NT",2020-06-29,0,0
"NT",2020-06-30,0,0
"NT",2020-07-01,0,0
"NT",2020-07-02,0,0
"NT",2020-07-03,0,0
"NT",2020-07-04,0,0
"NT",2020-07-05,0,0
"NT",2020-07-06,0,0
"NT",2020-07-07,0,0
"NT",2020-07-08,0,0
"NT",2020-07-09,0,0
"NT",2020-07-10,0,0
"NT",2020-07-11,0,0
"NT",2020-07-12,0,0
"NT",2020-07-13,0,0
"NT",2020-07-14,0,0
"NT",2020-07-15,0,0
"NT",2020-07-16,0,0
"NT",2020-07-17,0,0
"NT",2020-07-18,0,0
"NT",2020-07-19,0,0
"NT",2020-07-20,0,0
"NT",2020-07-21,0,0
"NT",2020-07-22,0,0
"NT",2020-07-23,0,0
"NT",2020-07-24,0,0
"NT",2020-07-25,0,0
"NT",2020-07-26,0,0
"NT",2020-07-27,0,0
"NT",2020-07-28,0,0
"NT",2020-07-29,0,0
"NT",2020-07-30,0,0
"NT",2020-07-31,0,0
"NT",2020-08-01,0,0
"NT",2020-08-02,0,0
"NT",2020-08-03,0,0
"NT",2020-08-04,0,0
"NT",2020-08-05,0,0
"NT",2020-08-06,0,0
"NT",2020-08-07,0,0
"NT",2020-08-08,0,0
"NT",2020-08-09,0,0
"NT",2020-08-10,0,0
"NT",2020-08-11,0,0
"NT",2020-08-12,0,0
"NT",2020-08-13,0,0
"NT",2020-08-14,0,0
"NT",2020-08-15,0,0
"NT",2020-08-16,0,0
"NT",2020-08-17,0,0
"NT",2020-08-18,0,0
"NT",2020-08-19,0,0
"NT",2020-08-20,0,0
"NT",2020-08-21,0,0
"NT",2020-08-22,0,0
"NT",2020-08-23,0,0
"NT",2020-08-24,0,0
"NT",2020-08-25,0,0
"NT",2020-08-26,0,0
"NT",2020-08-27,0,0
"NT",2020-08-28,0,0
"NT",2020-08-29,0,0
"NT",2020-08-30,0,0
"NT",2020-08-31,0,0
"NT",2020-09-01,0,0
"NT",2020-09-02,0,0
"NT",2020-09-03,0,0
"NT",2020-09-04,0,0
"NT",2020-09-05,0,0
"NT",2020-09-06,0,0
"NT",2020-09-07,0,0
"NT",2020-09-08,0,0
"NT",2020-09-09,0,0
"NT",2020-09-10,0,0
"NT",2020-09-11,0,0
"NT",2020-09-12,0,0
"NT",2020-09-13,0,0
"NT",2020-09-14,0,0
"NT",2020-09-15,0,0
"NT",2020-09-16,0,0
"NT",2020-09-17,0,0
"NT",2020-09-18,0,0
"NT",2020-09-19,0,0
"NT",2020-09-20,0,0
"NT",2020-09-21,0,0
"NT",2020-09-22,0,0
"NT",2020-09-23,0,0
"NT",2020-09-24,0,0
"NT",2020-09-25,0,0
"NT",2020-09-26,0,0
"NT",2020-09-27,0,0
"NT",2020-09-28,0,0
"NT",2020-09-29,0,0
"NT",2020-09-30,0,0
"NT",2020-10-01,0,0
"NT",2020-10-02,0,0
"NT",2020-10-03,0,0
"NT",2020-10-04,0,0
"NT",2020-10-05,0,0
"NT",2020-10-06,0,0
"NT",2020-10-07,0,0
"NT",2020-10-08,0,0
"NT",2020-10-09,0,0
"NT",2020-10-10,0,0
"NT",2020-10-11,0,0
"NT",2020-10-12,0,0
"NT",2020-10-13,0,0
"NT",2020-10-14,0,0
"NT",2020-10-15,0,0
"NT",2020-10-16,0,0
"NT",2020-10-17,0,0
"NT",2020-10-18,0,0
"NT",2020-10-19,0,0
"NT",2020-10-20,0,0
"NT",2020-10-21,0,0
"NT",2020-10-22,0,0
"NT",2020-10-23,0,0
"NT",2020-10-24,0,0
"NT",2020-10-25,0,0
"NT",2020-10-26,0,0
"NT",2020-10-27,0,0
"NT",2020-10-28,0,0
"NT",2020-10-29,0,0
"NT",2020-10-30,0,0
"NT",2020-10-31,0,0
"NT",2020-11-01,0,0
"NT",2020-11-02,0,0
"NT",2020-11-03,0,0
"NT",2020-11-04,0,0
"NT",2020-11-05,0,0
"NT",2020-11-06,0,0
"NT",2020-11-07,0,0
"NT",2020-11-08,0,0
"NT",2020-11-09,0,0
"NT",2020-11-10,0,0
"NT",2020-11-11,0,0
"NT",2020-11-12,0,0
"NT",2020-11-13,0,0
"NT",2020-11-14,0,0
"NT",2020-11-15,0,0
"NT",2020-11-16,0,0
"NT",2020-11-17,0,0
"NT",2020-11-18,0,0
"NT",2020-11-19,0,0
"NT",2020-11-20,0,0
"NT",2020-11-21,0,0
"NT",2020-11-22,0,0
"NT",2020-11-23,0,0
"NT",2020-11-24,0,0
"NT",2020-11-25,0,0
"NT",2020-11-26,0,0
"NT",2020-11-27,0,0
"NT",2020-11-28,0,0
"NT",2020-11-29,0,0
"NT",2020-11-30,0,0
"NT",2020-12-01,0,0
"NT",2020-12-02,0,0
"NT",2020-12-03,0,0
"NT",2020-12-04,0,0
"NT",2020-12-05,0,0
"NT",2020-12-06,0,0
"NT",2020-12-07,0,0
"NT",2020-12-08,0,0
"NT",2020-12-09,0,0
"NT",2020-12-10,0,0
"NT",2020-12-11,0,0
"NT",2020-12-12,0,0
"NT",2020-12-13,0,0
"NT",2020-12-14,0,0
"NT",2020-12-15,0,0
"NT",2020-12-16,0,0
"NT",2020-12-17,0,0
"NT",2020-12-18,0,0
"NT",2020-12-19,0,0
"NT",2020-12-20,0,0
"NT",2020-12-21,0,0
"NT",2020-12-22,0,0
"NT",2020-12-23,0,0
"NT",2020-12-24,0,0
"NT",2020-12-25,0,0
"NT",2020-12-26,0,0
"NT",2020-12-27,0,0
"NT",2020-12-28,0,0
"NT",2020-12-29,0,0
"NT",2020-12-30,0,0
"NT",2020-12-31,0,0
"NT",2021-01-01,0,0
"NT",2021-01-02,0,0
"NT",2021-01-03,0,0
"NT",2021-01-04,0,0
"NT",2021-01-05,0,0
"NT",2021-01-06,0,0
"NT",2021-01-07,0,0
"NT",2021-01-08,0,0
"NT",2021-01-09,0,0
"NT",2021-01-10,0,0
"NT",2021-01-11,0,0
"NT",2021-01-12,0,0
"NT",2021-01-13,0,0
"NT",2021-01-14,0,0
"NT",2021-01-15,0,0
"NT",2021-01-16,0,0
"NT",2021-01-17,0,0
"NT",2021-01-18,0,0
"NT",2021-01-19,0,0
"NT",2021-01-20,0,0
"NT",2021-01-21,0,0
"NT",2021-01-22,0,0
"NT",2021-01-23,0,0
"NT",2021-01-24,0,0
"NT",2021-01-25,0,0
"NT",2021-01-26,0,0
"NT",2021-01-27,0,0
"NT",2021-01-28,0,0
"NT",2021-01-29,0,0
"NT",2021-01-30,0,0
"NT",2021-01-31,0,0
"NU",2020-01-31,0,0
"NU",2020-02-01,0,0
"NU",2020-02-02,0,0
"NU",2020-02-03,0,0
"NU",2020-02-04,0,0
"NU",2020-02-05,0,0
"NU",2020-02-06,0,0
"NU",2020-02-07,0,0
"NU",2020-02-08,0,0
"NU",2020-02-09,0,0
"NU",2020-02-10,0,0
"NU",2020-02-11,0,0
"NU",2020-02-12,0,0
"NU",2020-02-13,0,0
"NU",2020-02-14,0,0
"NU",2020-02-15,0,0
"NU",2020-02-16,0,0
"NU",2020-02-17,0,0
"NU",2020-02-18,0,0
"NU",2020-02-19,0,0
"NU",2020-02-20,0,0
"NU",2020-02-21,0,0
"NU",2020-02-22,0,0
"NU",2020-02-23,0,0
"NU",2020-02-24,0,0
"NU",2020-02-25,0,0
"NU",2020-02-26,0,0
"NU",2020-02-27,0,0
"NU",2020-02-28,0,0
"NU",2020-02-29,0,0
"NU",2020-03-01,0,0
"NU",2020-03-02,0,0
"NU",2020-03-03,0,0
"NU",2020-03-04,0,0
"NU",2020-03-05,0,0
"NU",2020-03-06,0,0
"NU",2020-03-07,0,0
"NU",2020-03-08,0,0
"NU",2020-03-09,0,0
"NU",2020-03-10,0,0
"NU",2020-03-11,0,0
"NU",2020-03-12,0,0
"NU",2020-03-13,0,0
"NU",2020-03-14,0,0
"NU",2020-03-15,0,0
"NU",2020-03-16,0,0
"NU",2020-03-17,0,0
"NU",2020-03-18,0,0
"NU",2020-03-19,0,0
"NU",2020-03-20,0,0
"NU",2020-03-21,0,0
"NU",2020-03-22,0,0
"NU",2020-03-23,0,0
"NU",2020-03-24,0,0
"NU",2020-03-25,0,0
"NU",2020-03-26,0,0
"NU",2020-03-27,0,0
"NU",2020-03-28,0,0
"NU",2020-03-29,0,0
"NU",2020-03-30,0,0
"NU",2020-03-31,0,0
"NU",2020-04-01,0,0
"NU",2020-04-02,0,0
"NU",2020-04-03,0,0
"NU",2020-04-04,0,0
"NU",2020-04-05,0,0
"NU",2020-04-06,0,0
"NU",2020-04-07,0,0
"NU",2020-04-08,0,0
"NU",2020-04-09,0,0
"NU",2020-04-10,0,0
"NU",2020-04-11,0,0
"NU",2020-04-12,0,0
"NU",2020-04-13,0,0
"NU",2020-04-14,0,0
"NU",2020-04-15,0,0
"NU",2020-04-16,0,0
"NU",2020-04-17,0,0
"NU",2020-04-18,0,0
"NU",2020-04-19,0,0
"NU",2020-04-20,0,0
"NU",2020-04-21,0,0
"NU",2020-04-22,0,0
"NU",2020-04-23,0,0
"NU",2020-04-24,0,0
"NU",2020-04-25,0,0
"NU",2020-04-26,0,0
"NU",2020-04-27,0,0
"NU",2020-04-28,0,0
"NU",2020-04-29,0,0
"NU",2020-04-30,0,0
"NU",2020-05-01,0,0
"NU",2020-05-02,0,0
"NU",2020-05-03,0,0
"NU",2020-05-04,0,0
"NU",2020-05-05,0,0
"NU",2020-05-06,0,0
"NU",2020-05-07,0,0
"NU",2020-05-08,0,0
"NU",2020-05-09,0,0
"NU",2020-05-10,0,0
"NU",2020-05-11,0,0
"NU",2020-05-12,0,0
"NU",2020-05-13,0,0
"NU",2020-05-14,0,0
"NU",2020-05-15,0,0
"NU",2020-05-16,0,0
"NU",2020-05-17,0,0
"NU",2020-05-18,0,0
"NU",2020-05-19,0,0
"NU",2020-05-20,0,0
"NU",2020-05-21,0,0
"NU",2020-05-22,0,0
"NU",2020-05-23,0,0
"NU",2020-05-24,0,0
"NU",2020-05-25,0,0
"NU",2020-05-26,0,0
"NU",2020-05-27,0,0
"NU",2020-05-28,0,0
"NU",2020-05-29,0,0
"NU",2020-05-30,0,0
"NU",2020-05-31,0,0
"NU",2020-06-01,0,0
"NU",2020-06-02,0,0
"NU",2020-06-03,0,0
"NU",2020-06-04,0,0
"NU",2020-06-05,0,0
"NU",2020-06-06,0,0
"NU",2020-06-07,0,0
"NU",2020-06-08,0,0
"NU",2020-06-09,0,0
"NU",2020-06-10,0,0
"NU",2020-06-11,0,0
"NU",2020-06-12,0,0
"NU",2020-06-13,0,0
"NU",2020-06-14,0,0
"NU",2020-06-15,0,0
"NU",2020-06-16,0,0
"NU",2020-06-17,0,0
"NU",2020-06-18,0,0
"NU",2020-06-19,0,0
"NU",2020-06-20,0,0
"NU",2020-06-21,0,0
"NU",2020-06-22,0,0
"NU",2020-06-23,0,0
"NU",2020-06-24,0,0
"NU",2020-06-25,0,0
"NU",2020-06-26,0,0
"NU",2020-06-27,0,0
"NU",2020-06-28,0,0
"NU",2020-06-29,0,0
"NU",2020-06-30,0,0
"NU",2020-07-01,0,0
"NU",2020-07-02,0,0
"NU",2020-07-03,0,0
"NU",2020-07-04,0,0
"NU",2020-07-05,0,0
"NU",2020-07-06,0,0
"NU",2020-07-07,0,0
"NU",2020-07-08,0,0
"NU",2020-07-09,0,0
"NU",2020-07-10,0,0
"NU",2020-07-11,0,0
"NU",2020-07-12,0,0
"NU",2020-07-13,0,0
"NU",2020-07-14,0,0
"NU",2020-07-15,0,0
"NU",2020-07-16,0,0
"NU",2020-07-17,0,0
"NU",2020-07-18,0,0
"NU",2020-07-19,0,0
"NU",2020-07-20,0,0
"NU",2020-07-21,0,0
"NU",2020-07-22,0,0
"NU",2020-07-23,0,0
"NU",2020-07-24,0,0
"NU",2020-07-25,0,0
"NU",2020-07-26,0,0
"NU",2020-07-27,0,0
"NU",2020-07-28,0,0
"NU",2020-07-29,0,0
"NU",2020-07-30,0,0
"NU",2020-07-31,0,0
"NU",2020-08-01,0,0
"NU",2020-08-02,0,0
"NU",2020-08-03,0,0
"NU",2020-08-04,0,0
"NU",2020-08-05,0,0
"NU",2020-08-06,0,0
"NU",2020-08-07,0,0
"NU",2020-08-08,0,0
"NU",2020-08-09,0,0
"NU",2020-08-10,0,0
"NU",2020-08-11,0,0
"NU",2020-08-12,0,0
"NU",2020-08-13,0,0
"NU",2020-08-14,0,0
"NU",2020-08-15,0,0
"NU",2020-08-16,0,0
"NU",2020-08-17,0,0
"NU",2020-08-18,0,0
"NU",2020-08-19,0,0
"NU",2020-08-20,0,0
"NU",2020-08-21,0,0
"NU",2020-08-22,0,0
"NU",2020-08-23,0,0
"NU",2020-08-24,0,0
"NU",2020-08-25,0,0
"NU",2020-08-26,0,0
"NU",2020-08-27,0,0
"NU",2020-08-28,0,0
"NU",2020-08-29,0,0
"NU",2020-08-30,0,0
"NU",2020-08-31,0,0
"NU",2020-09-01,0,0
"NU",2020-09-02,0,0
"NU",2020-09-03,0,0
"NU",2020-09-04,0,0
"NU",2020-09-05,0,0
"NU",2020-09-06,0,0
"NU",2020-09-07,0,0
"NU",2020-09-08,0,0
"NU",2020-09-09,0,0
"NU",2020-09-10,0,0
"NU",2020-09-11,0,0
"NU",2020-09-12,0,0
"NU",2020-09-13,0,0
"NU",2020-09-14,0,0
"NU",2020-09-15,0,0
"NU",2020-09-16,0,0
"NU",2020-09-17,0,0
"NU",2020-09-18,0,0
"NU",2020-09-19,0,0
"NU",2020-09-20,0,0
"NU",2020-09-21,0,0
"NU",2020-09-22,0,0
"NU",2020-09-23,0,0
"NU",2020-09-24,0,0
"NU",2020-09-25,0,0
"NU",2020-09-26,0,0
"NU",2020-09-27,0,0
"NU",2020-09-28,0,0
"NU",2020-09-29,0,0
"NU",2020-09-30,0,0
"NU",2020-10-01,0,0
"NU",2020-10-02,0,0
"NU",2020-10-03,0,0
"NU",2020-10-04,0,0
"NU",2020-10-05,0,0
"NU",2020-10-06,0,0
"NU",2020-10-07,0,0
"NU",2020-10-08,0,0
"NU",2020-10-09,0,0
"NU",2020-10-10,0,0
"NU",2020-10-11,0,0
"NU",2020-10-12,0,0
"NU",2020-10-13,0,0
"NU",2020-10-14,0,0
"NU",2020-10-15,0,0
"NU",2020-10-16,0,0
"NU",2020-10-17,0,0
"NU",2020-10-18,0,0
"NU",2020-10-19,0,0
"NU",2020-10-20,0,0
"NU",2020-10-21,0,0
"NU",2020-10-22,0,0
"NU",2020-10-23,0,0
"NU",2020-10-24,0,0
"NU",2020-10-25,0,0
"NU",2020-10-26,0,0
"NU",2020-10-27,0,0
"NU",2020-10-28,0,0
"NU",2020-10-29,0,0
"NU",2020-10-30,0,0
"NU",2020-10-31,0,0
"NU",2020-11-01,0,0
"NU",2020-11-02,0,0
"NU",2020-11-03,0,0
"NU",2020-11-04,0,0
"NU",2020-11-05,0,0
"NU",2020-11-06,0,0
"NU",2020-11-07,0,0
"NU",2020-11-08,0,0
"NU",2020-11-09,0,0
"NU",2020-11-10,0,0
"NU",2020-11-11,0,0
"NU",2020-11-12,0,0
"NU",2020-11-13,0,0
"NU",2020-11-14,0,0
"NU",2020-11-15,0,0
"NU",2020-11-16,0,0
"NU",2020-11-17,0,0
"NU",2020-11-18,0,0
"NU",2020-11-19,0,0
"NU",2020-11-20,0,0
"NU",2020-11-21,0,0
"NU",2020-11-22,0,0
"NU",2020-11-23,0,0
"NU",2020-11-24,0,0
"NU",2020-11-25,0,0
"NU",2020-11-26,0,0
"NU",2020-11-27,0,0
"NU",2020-11-28,0,0
"NU",2020-11-29,0,0
"NU",2020-11-30,0,0
"NU",2020-12-01,0,0
"NU",2020-12-02,0,0
"NU",2020-12-03,0,0
"NU",2020-12-04,0,0
"NU",2020-12-05,0,0
"NU",2020-12-06,0,0
"NU",2020-12-07,0,0
"NU",2020-12-08,0,0
"NU",2020-12-09,0,0
"NU",2020-12-10,0,0
"NU",2020-12-11,0,0
"NU",2020-12-12,0,0
"NU",2020-12-13,0,0
"NU",2020-12-14,0,0
"NU",2020-12-15,0,0
"NU",2020-12-16,0,0
"NU",2020-12-17,0,0
"NU",2020-12-18,0,0
"NU",2020-12-19,0,0
"NU",2020-12-20,1,1
"NU",2020-12-21,1,0
"NU",2020-12-22,1,0
"NU",2020-12-23,1,0
"NU",2020-12-24,1,0
"NU",2020-12-25,1,0
"NU",2020-12-26,1,0
"NU",2020-12-27,1,0
"NU",2020-12-28,1,0
"NU",2020-12-29,1,0
"NU",2020-12-30,1,0
"NU",2020-12-31,1,0
"NU",2021-01-01,1,0
"NU",2021-01-02,1,0
"NU",2021-01-03,1,0
"NU",2021-01-04,1,0
"NU",2021-01-05,1,0
"NU",2021-01-06,1,0
"NU",2021-01-07,1,0
"NU",2021-01-08,1,0
"NU",2021-01-09,1,0
"NU",2021-01-10,1,0
"NU",2021-01-11,1,0
"NU",2021-01-12,1,0
"NU",2021-01-13,1,0
"NU",2021-01-14,1,0
"NU",2021-01-15,1,0
"NU",2021-01-16,1,0
"NU",2021-01-17,1,0
"NU",2021-01-18,1,0
"NU",2021-01-19,1,0
"NU",2021-01-20,1,0
"NU",2021-01-21,1,0
"NU",2021-01-22,1,0
"NU",2021-01-23,1,0
"NU",2021-01-24,1,0
"NU",2021-01-25,1,0
"NU",2021-01-26,1,0
"NU",2021-01-27,1,0
"NU",2021-01-28,1,0
"NU",2021-01-29,1,0
"NU",2021-01-30,1,0
"NU",2021-01-31,1,0
"ON",2020-03-08,0,0
"ON",2020-03-09,0,0
"ON",2020-03-10,0,0
"ON",2020-03-11,1,1
"ON",2020-03-12,1,0
"ON",2020-03-13,1,0
"ON",2020-03-14,1,0
"ON",2020-03-15,1,0
"ON",2020-03-16,1,0
"ON",2020-03-17,1,0
"ON",2020-03-18,1,0
"ON",2020-03-19,2,1
"ON",2020-03-20,2,0
"ON",2020-03-21,3,1
"ON",2020-03-22,6,3
"ON",2020-03-23,6,0
"ON",2020-03-24,8,2
"ON",2020-03-25,13,5
"ON",2020-03-26,15,2
"ON",2020-03-27,18,3
"ON",2020-03-28,19,1
"ON",2020-03-29,23,4
"ON",2020-03-30,34,11
"ON",2020-03-31,58,24
"ON",2020-04-01,71,13
"ON",2020-04-02,53,-18
"ON",2020-04-03,67,14
"ON",2020-04-04,94,27
"ON",2020-04-05,119,25
"ON",2020-04-06,132,13
"ON",2020-04-07,153,21
"ON",2020-04-08,174,21
"ON",2020-04-09,200,26
"ON",2020-04-10,222,22
"ON",2020-04-11,253,31
"ON",2020-04-12,274,21
"ON",2020-04-13,291,17
"ON",2020-04-14,334,43
"ON",2020-04-15,385,51
"ON",2020-04-16,423,38
"ON",2020-04-17,478,55
"ON",2020-04-18,514,36
"ON",2020-04-19,553,39
"ON",2020-04-20,584,31
"ON",2020-04-21,622,38
"ON",2020-04-22,659,37
"ON",2020-04-23,713,54
"ON",2020-04-24,763,50
"ON",2020-04-25,811,48
"ON",2020-04-26,835,24
"ON",2020-04-27,892,57
"ON",2020-04-28,951,59
"ON",2020-04-29,996,45
"ON",2020-04-30,1082,86
"ON",2020-05-01,1121,39
"ON",2020-05-02,1176,55
"ON",2020-05-03,1216,40
"ON",2020-05-04,1300,84
"ON",2020-05-05,1361,61
"ON",2020-05-06,1429,68
"ON",2020-05-07,1477,48
"ON",2020-05-08,1540,63
"ON",2020-05-09,1599,59
"ON",2020-05-10,1634,35
"ON",2020-05-11,1669,35
"ON",2020-05-12,1725,56
"ON",2020-05-13,1765,40
"ON",2020-05-14,1798,33
"ON",2020-05-15,1825,27
"ON",2020-05-16,1858,33
"ON",2020-05-17,1881,23
"ON",2020-05-18,1904,23
"ON",2020-05-19,1919,15
"ON",2020-05-20,1962,43
"ON",2020-05-21,1993,31
"ON",2020-05-22,2021,28
"ON",2020-05-23,2048,27
"ON",2020-05-24,2073,25
"ON",2020-05-25,2102,29
"ON",2020-05-26,2123,21
"ON",2020-05-27,2155,32
"ON",2020-05-28,2189,34
"ON",2020-05-29,2230,41
"ON",2020-05-30,2247,17
"ON",2020-05-31,2266,19
"ON",2020-06-01,2276,10
"ON",2020-06-02,2293,17
"ON",2020-06-03,2312,19
"ON",2020-06-04,2357,45
"ON",2020-06-05,2372,15
"ON",2020-06-06,2407,35
"ON",2020-06-07,2426,19
"ON",2020-06-08,2450,24
"ON",2020-06-09,2464,14
"ON",2020-06-10,2475,11
"ON",2020-06-11,2487,12
"ON",2020-06-12,2498,11
"ON",2020-06-13,2507,9
"ON",2020-06-14,2519,12
"ON",2020-06-15,2527,8
"ON",2020-06-16,2538,11
"ON",2020-06-17,2550,12
"ON",2020-06-18,2553,3
"ON",2020-06-19,2564,11
"ON",2020-06-20,2595,31
"ON",2020-06-21,2606,11
"ON",2020-06-22,2609,3
"ON",2020-06-23,2619,10
"ON",2020-06-24,2631,12
"ON",2020-06-25,2641,10
"ON",2020-06-26,2644,3
"ON",2020-06-27,2652,8
"ON",2020-06-28,2658,6
"ON",2020-06-29,2665,7
"ON",2020-06-30,2672,7
"ON",2020-07-01,2676,4
"ON",2020-07-02,2680,4
"ON",2020-07-03,2682,2
"ON",2020-07-04,2687,5
"ON",2020-07-05,2689,2
"ON",2020-07-06,2689,0
"ON",2020-07-07,2691,2
"ON",2020-07-08,2700,9
"ON",2020-07-09,2703,3
"ON",2020-07-10,2710,7
"ON",2020-07-11,2716,6
"ON",2020-07-12,2719,3
"ON",2020-07-13,2722,3
"ON",2020-07-14,2723,1
"ON",2020-07-15,2732,9
"ON",2020-07-16,2737,5
"ON",2020-07-17,2746,9
"ON",2020-07-18,2748,2
"ON",2020-07-19,2751,3
"ON",2020-07-20,2752,1
"ON",2020-07-21,2753,1
"ON",2020-07-22,2755,2
"ON",2020-07-23,2755,0
"ON",2020-07-24,2758,3
"ON",2020-07-25,2759,1
"ON",2020-07-26,2763,4
"ON",2020-07-27,2764,1
"ON",2020-07-28,2768,4
"ON",2020-07-29,2769,1
"ON",2020-07-30,2772,3
"ON",2020-07-31,2775,3
"ON",2020-08-01,2777,2
"ON",2020-08-02,2778,1
"ON",2020-08-03,2778,0
"ON",2020-08-04,2782,4
"ON",2020-08-05,2782,0
"ON",2020-08-06,2783,1
"ON",2020-08-07,2783,0
"ON",2020-08-08,2784,1
"ON",2020-08-09,2786,2
"ON",2020-08-10,2786,0
"ON",2020-08-11,2786,0
"ON",2020-08-12,2787,1
"ON",2020-08-13,2787,0
"ON",2020-08-14,2788,1
"ON",2020-08-15,2789,1
"ON",2020-08-16,2789,0
"ON",2020-08-17,2789,0
"ON",2020-08-18,2793,4
"ON",2020-08-19,2792,-1
"ON",2020-08-20,2793,1
"ON",2020-08-21,2796,3
"ON",2020-08-22,2797,1
"ON",2020-08-23,2797,0
"ON",2020-08-24,2798,1
"ON",2020-08-25,2800,2
"ON",2020-08-26,2802,2
"ON",2020-08-27,2803,1
"ON",2020-08-28,2809,6
"ON",2020-08-29,2809,0
"ON",2020-08-30,2810,1
"ON",2020-08-31,2811,1
"ON",2020-09-01,2812,1
"ON",2020-09-02,2812,0
"ON",2020-09-03,2812,0
"ON",2020-09-04,2811,-1
"ON",2020-09-05,2811,0
"ON",2020-09-06,2813,2
"ON",2020-09-07,2813,0
"ON",2020-09-08,2813,0
"ON",2020-09-09,2813,0
"ON",2020-09-10,2814,1
"ON",2020-09-11,2813,-1
"ON",2020-09-12,2814,1
"ON",2020-09-13,2815,1
"ON",2020-09-14,2816,1
"ON",2020-09-15,2820,4
"ON",2020-09-16,2822,2
"ON",2020-09-17,2825,3
"ON",2020-09-18,2825,0
"ON",2020-09-19,2826,1
"ON",2020-09-20,2827,1
"ON",2020-09-21,2829,2
"ON",2020-09-22,2832,3
"ON",2020-09-23,2835,3
"ON",2020-09-24,2836,1
"ON",2020-09-25,2837,1
"ON",2020-09-26,2837,0
"ON",2020-09-27,2839,2
"ON",2020-09-28,2840,1
"ON",2020-09-29,2844,4
"ON",2020-09-30,2848,4
"ON",2020-10-01,2851,3
"ON",2020-10-02,2927,76
"ON",2020-10-03,2968,41
"ON",2020-10-04,2975,7
"ON",2020-10-05,2980,5
"ON",2020-10-06,2987,7
"ON",2020-10-07,2988,1
"ON",2020-10-08,2992,4
"ON",2020-10-09,2997,5
"ON",2020-10-10,3004,7
"ON",2020-10-11,3005,1
"ON",2020-10-12,3008,3
"ON",2020-10-13,3017,9
"ON",2020-10-14,3017,0
"ON",2020-10-15,3022,5
"ON",2020-10-16,3031,9
"ON",2020-10-17,3041,10
"ON",2020-10-18,3046,5
"ON",2020-10-19,3050,4
"ON",2020-10-20,3053,3
"ON",2020-10-21,3062,9
"ON",2020-10-22,3071,9
"ON",2020-10-23,3080,9
"ON",2020-10-24,3086,6
"ON",2020-10-25,3093,7
"ON",2020-10-26,3099,6
"ON",2020-10-27,3103,4
"ON",2020-10-28,3108,5
"ON",2020-10-29,3118,10
"ON",2020-10-30,3127,9
"ON",2020-10-31,3136,9
"ON",2020-11-01,3145,9
"ON",2020-11-02,3152,7
"ON",2020-11-03,3166,14
"ON",2020-11-04,3182,16
"ON",2020-11-05,3195,13
"ON",2020-11-06,3209,14
"ON",2020-11-07,3220,11
"ON",2020-11-08,3233,13
"ON",2020-11-09,3245,12
"ON",2020-11-10,3260,15
"ON",2020-11-11,3275,15
"ON",2020-11-12,3293,18
"ON",2020-11-13,3312,19
"ON",2020-11-14,3332,20
"ON",2020-11-15,3361,29
"ON",2020-11-16,3371,10
"ON",2020-11-17,3383,12
"ON",2020-11-18,3415,32
"ON",2020-11-19,3443,28
"ON",2020-11-20,3451,8
"ON",2020-11-21,3472,21
"ON",2020-11-22,3486,14
"ON",2020-11-23,3505,19
"ON",2020-11-24,3519,14
"ON",2020-11-25,3554,35
"ON",2020-11-26,3575,21
"ON",2020-11-27,3595,20
"ON",2020-11-28,3624,29
"ON",2020-11-29,3648,24
"ON",2020-11-30,3656,8
"ON",2020-12-01,3663,7
"ON",2020-12-02,3698,35
"ON",2020-12-03,3712,14
"ON",2020-12-04,3737,25
"ON",2020-12-05,3757,20
"ON",2020-12-06,3772,15
"ON",2020-12-07,3798,26
"ON",2020-12-08,3808,10
"ON",2020-12-09,3836,28
"ON",2020-12-10,3871,35
"ON",2020-12-11,3916,45
"ON",2020-12-12,3933,17
"ON",2020-12-13,3949,16
"ON",2020-12-14,3972,23
"ON",2020-12-15,3992,20
"ON",2020-12-16,4035,43
"ON",2020-12-17,4058,23
"ON",2020-12-18,4098,40
"ON",2020-12-19,4125,27
"ON",2020-12-20,4150,25
"ON",2020-12-21,4167,17
"ON",2020-12-22,4188,21
"ON",2020-12-23,4229,41
"ON",2020-12-24,4278,49
"ON",2020-12-25,4321,43
"ON",2020-12-26,4359,38
"ON",2020-12-27,4377,18
"ON",2020-12-28,4414,37
"ON",2020-12-29,4455,41
"ON",2020-12-30,4474,19
"ON",2020-12-31,4530,56
"ON",2021-01-01,4581,51
"ON",2021-01-02,4625,44
"ON",2021-01-03,4650,25
"ON",2021-01-04,4679,29
"ON",2021-01-05,4730,51
"ON",2021-01-06,4767,37
"ON",2021-01-07,4856,89
"ON",2021-01-08,4882,26
"ON",2021-01-09,4922,40
"ON",2021-01-10,4983,61
"ON",2021-01-11,5012,29
"ON",2021-01-12,5053,41
"ON",2021-01-13,5127,74
"ON",2021-01-14,5189,62
"ON",2021-01-15,5289,100
"ON",2021-01-16,5340,51
"ON",2021-01-17,5409,69
"ON",2021-01-18,5433,24
"ON",2021-01-19,5479,46
"ON",2021-01-20,5568,89
"ON",2021-01-21,5614,46
"ON",2021-01-22,5701,87
"ON",2021-01-23,5753,52
"ON",2021-01-24,5803,50
"ON",2021-01-25,5846,43
"ON",2021-01-26,5909,63
"ON",2021-01-27,5958,49
"ON",2021-01-28,6014,56
"ON",2021-01-29,6072,58
"ON",2021-01-30,6145,73
"ON",2021-01-31,6188,43
"PE",2020-01-31,0,0
"PE",2020-02-01,0,0
"PE",2020-02-02,0,0
"PE",2020-02-03,0,0
"PE",2020-02-04,0,0
"PE",2020-02-05,0,0
"PE",2020-02-06,0,0
"PE",2020-02-07,0,0
"PE",2020-02-08,0,0
"PE",2020-02-09,0,0
"PE",2020-02-10,0,0
"PE",2020-02-11,0,0
"PE",2020-02-12,0,0
"PE",2020-02-13,0,0
"PE",2020-02-14,0,0
"PE",2020-02-15,0,0
"PE",2020-02-16,0,0
"PE",2020-02-17,0,0
"PE",2020-02-18,0,0
"PE",2020-02-19,0,0
"PE",2020-02-20,0,0
"PE",2020-02-21,0,0
"PE",2020-02-22,0,0
"PE",2020-02-23,0,0
"PE",2020-02-24,0,0
"PE",2020-02-25,0,0
"PE",2020-02-26,0,0
"PE",2020-02-27,0,0
"PE",2020-02-28,0,0
"PE",2020-02-29,0,0
"PE",2020-03-01,0,0
"PE",2020-03-02,0,0
"PE",2020-03-03,0,0
"PE",2020-03-04,0,0
"PE",2020-03-05,0,0
"PE",2020-03-06,0,0
"PE",2020-03-07,0,0
"PE",2020-03-08,0,0
"PE",2020-03-09,0,0
"PE",2020-03-10,0,0
"PE",2020-03-11,0,0
"PE",2020-03-12,0,0
"PE",2020-03-13,0,0
"PE",2020-03-14,0,0
"PE",2020-03-15,0,0
"PE",2020-03-16,0,0
"PE",2020-03-17,0,0
"PE",2020-03-18,0,0
"PE",2020-03-19,0,0
"PE",2020-03-20,0,0
"PE",2020-03-21,0,0
"PE",2020-03-22,0,0
"PE",2020-03-23,0,0
"PE",2020-03-24,0,0
"PE",2020-03-25,0,0
"PE",2020-03-26,0,0
"PE",2020-03-27,0,0
"PE",2020-03-28,0,0
"PE",2020-03-29,0,0
"PE",2020-03-30,0,0
"PE",2020-03-31,0,0
"PE",2020-04-01,0,0
"PE",2020-04-02,0,0
"PE",2020-04-03,0,0
"PE",2020-04-04,0,0
"PE",2020-04-05,0,0
"PE",2020-04-06,0,0
"PE",2020-04-07,0,0
"PE",2020-04-08,0,0
"PE",2020-04-09,0,0
"PE",2020-04-10,0,0
"PE",2020-04-11,0,0
"PE",2020-04-12,0,0
"PE",2020-04-13,0,0
"PE",2020-04-14,0,0
"PE",2020-04-15,0,0
"PE",2020-04-16,0,0
"PE",2020-04-17,0,0
"PE",2020-04-18,0,0
"PE",2020-04-19,0,0
"PE",2020-04-20,0,0
"PE",2020-04-21,0,0
"PE",2020-04-22,0,0
"PE",2020-04-23,0,0
"PE",2020-04-24,0,0
"PE",2020-04-25,0,0
"PE",2020-04-26,0,0
"PE",2020-04-27,0,0
"PE",2020-04-28,0,0
"PE",2020-04-29,0,0
"PE",2020-04-30,0,0
"PE",2020-05-01,0,0
"PE",2020-05-02,0,0
"PE",2020-05-03,0,0
"PE",2020-05-04,0,0
"PE",2020-05-05,0,0
"PE",2020-05-06,0,0
"PE",2020-05-07,0,0
"PE",2020-05-08,0,0
"PE",2020-05-09,0,0
"PE",2020-05-10,0,0
"PE",2020-05-11,0,0
"PE",2020-05-12,0,0
"PE",2020-05-13,0,0
"PE",2020-05-14,0,0
"PE",2020-05-15,0,0
"PE",2020-05-16,0,0
"PE",2020-05-17,0,0
"PE",2020-05-18,0,0
"PE",2020-05-19,0,0
"PE",2020-05-20,0,0
"PE",2020-05-21,0,0
"PE",2020-05-22,0,0
"PE",2020-05-23,0,0
"PE",2020-05-24,0,0
"PE",2020-05-25,0,0
"PE",2020-05-26,0,0
"PE",2020-05-27,0,0
"PE",2020-05-28,0,0
"PE",2020-05-29,0,0
"PE",2020-05-30,0,0
"PE",2020-05-31,0,0
"PE",2020-06-01,0,0
"PE",2020-06-02,0,0
"PE",2020-06-03,0,0
"PE",2020-06-04,0,0
"PE",2020-06-05,0,0
"PE",2020-06-06,0,0
"PE",2020-06-07,0,0
"PE",2020-06-08,0,0
"PE",2020-06-09,0,0
"PE",2020-06-10,0,0
"PE",2020-06-11,0,0
"PE",2020-06-12,0,0
"PE",2020-06-13,0,0
"PE",2020-06-14,0,0
"PE",2020-06-15,0,0
"PE",2020-06-16,0,0
"PE",2020-06-17,0,0
"PE",2020-06-18,0,0
"PE",2020-06-19,0,0
"PE",2020-06-20,0,0
"PE",2020-06-21,0,0
"PE",2020-06-22,0,0
"PE",2020-06-23,0,0
"PE",2020-06-24,0,0
"PE",2020-06-25,0,0
"PE",2020-06-26,0,0
"PE",2020-06-27,0,0
"PE",2020-06-28,0,0
"PE",2020-06-29,0,0
"PE",2020-06-30,0,0
"PE",2020-07-01,0,0
"PE",2020-07-02,0,0
"PE",2020-07-03,0,0
"PE",2020-07-04,0,0
"PE",2020-07-05,0,0
"PE",2020-07-06,0,0
"PE",2020-07-07,0,0
"PE",2020-07-08,0,0
"PE",2020-07-09,0,0
"PE",2020-07-10,0,0
"PE",2020-07-11,0,0
"PE",2020-07-12,0,0
"PE",2020-07-13,0,0
"PE",2020-07-14,0,0
"PE",2020-07-15,0,0
"PE",2020-07-16,0,0
"PE",2020-07-17,0,0
"PE",2020-07-18,0,0
"PE",2020-07-19,0,0
"PE",2020-07-20,0,0
"PE",2020-07-21,0,0
"PE",2020-07-22,0,0
"PE",2020-07-23,0,0
"PE",2020-07-24,0,0
"PE",2020-07-25,0,0
"PE",2020-07-26,0,0
"PE",2020-07-27,0,0
"PE",2020-07-28,0,0
"PE",2020-07-29,0,0
"PE",2020-07-30,0,0
"PE",2020-07-31,0,0
"PE",2020-08-01,0,0
"PE",2020-08-02,0,0
"PE",2020-08-03,0,0
"PE",2020-08-04,0,0
"PE",2020-08-05,0,0
"PE",2020-08-06,0,0
"PE",2020-08-07,0,0
"PE",2020-08-08,0,0
"PE",2020-08-09,0,0
"PE",2020-08-10,0,0
"PE",2020-08-11,0,0
"PE",2020-08-12,0,0
"PE",2020-08-13,0,0
"PE",2020-08-14,0,0
"PE",2020-08-15,0,0
"PE",2020-08-16,0,0
"PE",2020-08-17,0,0
"PE",2020-08-18,0,0
"PE",2020-08-19,0,0
"PE",2020-08-20,0,0
"PE",2020-08-21,0,0
"PE",2020-08-22,0,0
"PE",2020-08-23,0,0
"PE",2020-08-24,0,0
"PE",2020-08-25,0,0
"PE",2020-08-26,0,0
"PE",2020-08-27,0,0
"PE",2020-08-28,0,0
"PE",2020-08-29,0,0
"PE",2020-08-30,0,0
"PE",2020-08-31,0,0
"PE",2020-09-01,0,0
"PE",2020-09-02,0,0
"PE",2020-09-03,0,0
"PE",2020-09-04,0,0
"PE",2020-09-05,0,0
"PE",2020-09-06,0,0
"PE",2020-09-07,0,0
"PE",2020-09-08,0,0
"PE",2020-09-09,0,0
"PE",2020-09-10,0,0
"PE",2020-09-11,0,0
"PE",2020-09-12,0,0
"PE",2020-09-13,0,0
"PE",2020-09-14,0,0
"PE",2020-09-15,0,0
"PE",2020-09-16,0,0
"PE",2020-09-17,0,0
"PE",2020-09-18,0,0
"PE",2020-09-19,0,0
"PE",2020-09-20,0,0
"PE",2020-09-21,0,0
"PE",2020-09-22,0,0
"PE",2020-09-23,0,0
"PE",2020-09-24,0,0
"PE",2020-09-25,0,0
"PE",2020-09-26,0,0
"PE",2020-09-27,0,0
"PE",2020-09-28,0,0
"PE",2020-09-29,0,0
"PE",2020-09-30,0,0
"PE",2020-10-01,0,0
"PE",2020-10-02,0,0
"PE",2020-10-03,0,0
"PE",2020-10-04,0,0
"PE",2020-10-05,0,0
"PE",2020-10-06,0,0
"PE",2020-10-07,0,0
"PE",2020-10-08,0,0
"PE",2020-10-09,0,0
"PE",2020-10-10,0,0
"PE",2020-10-11,0,0
"PE",2020-10-12,0,0
"PE",2020-10-13,0,0
"PE",2020-10-14,0,0
"PE",2020-10-15,0,0
"PE",2020-10-16,0,0
"PE",2020-10-17,0,0
"PE",2020-10-18,0,0
"PE",2020-10-19,0,0
"PE",2020-10-20,0,0
"PE",2020-10-21,0,0
"PE",2020-10-22,0,0
"PE",2020-10-23,0,0
"PE",2020-10-24,0,0
"PE",2020-10-25,0,0
"PE",2020-10-26,0,0
"PE",2020-10-27,0,0
"PE",2020-10-28,0,0
"PE",2020-10-29,0,0
"PE",2020-10-30,0,0
"PE",2020-10-31,0,0
"PE",2020-11-01,0,0
"PE",2020-11-02,0,0
"PE",2020-11-03,0,0
"PE",2020-11-04,0,0
"PE",2020-11-05,0,0
"PE",2020-11-06,0,0
"PE",2020-11-07,0,0
"PE",2020-11-08,0,0
"PE",2020-11-09,0,0
"PE",2020-11-10,0,0
"PE",2020-11-11,0,0
"PE",2020-11-12,0,0
"PE",2020-11-13,0,0
"PE",2020-11-14,0,0
"PE",2020-11-15,0,0
"PE",2020-11-16,0,0
"PE",2020-11-17,0,0
"PE",2020-11-18,0,0
"PE",2020-11-19,0,0
"PE",2020-11-20,0,0
"PE",2020-11-21,0,0
"PE",2020-11-22,0,0
"PE",2020-11-23,0,0
"PE",2020-11-24,0,0
"PE",2020-11-25,0,0
"PE",2020-11-26,0,0
"PE",2020-11-27,0,0
"PE",2020-11-28,0,0
"PE",2020-11-29,0,0
"PE",2020-11-30,0,0
"PE",2020-12-01,0,0
"PE",2020-12-02,0,0
"PE",2020-12-03,0,0
"PE",2020-12-04,0,0
"PE",2020-12-05,0,0
"PE",2020-12-06,0,0
"PE",2020-12-07,0,0
"PE",2020-12-08,0,0
"PE",2020-12-09,0,0
"PE",2020-12-10,0,0
"PE",2020-12-11,0,0
"PE",2020-12-12,0,0
"PE",2020-12-13,0,0
"PE",2020-12-14,0,0
"PE",2020-12-15,0,0
"PE",2020-12-16,0,0
"PE",2020-12-17,0,0
"PE",2020-12-18,0,0
"PE",2020-12-19,0,0
"PE",2020-12-20,0,0
"PE",2020-12-21,0,0
"PE",2020-12-22,0,0
"PE",2020-12-23,0,0
"PE",2020-12-24,0,0
"PE",2020-12-25,0,0
"PE",2020-12-26,0,0
"PE",2020-12-27,0,0
"PE",2020-12-28,0,0
"PE",2020-12-29,0,0
"PE",2020-12-30,0,0
"PE",2020-12-31,0,0
"PE",2021-01-01,0,0
"PE",2021-01-02,0,0
"PE",2021-01-03,0,0
"PE",2021-01-04,0,0
"PE",2021-01-05,0,0
"PE",2021-01-06,0,0
"PE",2021-01-07,0,0
"PE",2021-01-08,0,0
"PE",2021-01-09,0,0
"PE",2021-01-10,0,0
"PE",2021-01-11,0,0
"PE",2021-01-12,0,0
"PE",2021-01-13,0,0
"PE",2021-01-14,0,0
"PE",2021-01-15,0,0
"PE",2021-01-16,0,0
"PE",2021-01-17,0,0
"PE",2021-01-18,0,0
"PE",2021-01-19,0,0
"PE",2021-01-20,0,0
"PE",2021-01-21,0,0
"PE",2021-01-22,0,0
"PE",2021-01-23,0,0
"PE",2021-01-24,0,0
"PE",2021-01-25,0,0
"PE",2021-01-26,0,0
"PE",2021-01-27,0,0
"PE",2021-01-28,0,0
"PE",2021-01-29,0,0
"PE",2021-01-30,0,0
"PE",2021-01-31,0,0
"QC",2020-01-23,0,0
"QC",2020-01-24,0,0
"QC",2020-01-25,0,0
"QC",2020-01-26,0,0
"QC",2020-01-27,0,0
"QC",2020-01-28,0,0
"QC",2020-01-29,0,0
"QC",2020-01-30,0,0
"QC",2020-01-31,0,0
"QC",2020-02-01,0,0
"QC",2020-02-02,0,0
"QC",2020-02-03,0,0
"QC",2020-02-04,0,0
"QC",2020-02-05,0,0
"QC",2020-02-06,0,0
"QC",2020-02-07,0,0
"QC",2020-02-08,0,0
"QC",2020-02-09,0,0
"QC",2020-02-10,0,0
"QC",2020-02-11,0,0
"QC",2020-02-12,0,0
"QC",2020-02-13,0,0
"QC",2020-02-14,0,0
"QC",2020-02-15,0,0
"QC",2020-02-16,0,0
"QC",2020-02-17,0,0
"QC",2020-02-18,0,0
"QC",2020-02-19,0,0
"QC",2020-02-20,0,0
"QC",2020-02-21,0,0
"QC",2020-02-22,0,0
"QC",2020-02-23,0,0
"QC",2020-02-24,0,0
"QC",2020-02-25,0,0
"QC",2020-02-26,0,0
"QC",2020-02-27,0,0
"QC",2020-02-28,0,0
"QC",2020-02-29,0,0
"QC",2020-03-01,0,0
"QC",2020-03-02,0,0
"QC",2020-03-03,0,0
"QC",2020-03-04,0,0
"QC",2020-03-05,0,0
"QC",2020-03-06,0,0
"QC",2020-03-07,0,0
"QC",2020-03-08,0,0
"QC",2020-03-09,0,0
"QC",2020-03-10,0,0
"QC",2020-03-11,0,0
"QC",2020-03-12,0,0
"QC",2020-03-13,0,0
"QC",2020-03-14,0,0
"QC",2020-03-15,0,0
"QC",2020-03-16,1,1
"QC",2020-03-17,2,1
"QC",2020-03-18,3,1
"QC",2020-03-19,4,1
"QC",2020-03-20,4,0
"QC",2020-03-21,5,1
"QC",2020-03-22,5,0
"QC",2020-03-23,8,3
"QC",2020-03-24,10,2
"QC",2020-03-25,18,8
"QC",2020-03-26,27,9
"QC",2020-03-27,30,3
"QC",2020-03-28,43,13
"QC",2020-03-29,54,11
"QC",2020-03-30,67,13
"QC",2020-03-31,83,16
"QC",2020-04-01,99,16
"QC",2020-04-02,121,22
"QC",2020-04-03,160,39
"QC",2020-04-04,203,43
"QC",2020-04-05,251,48
"QC",2020-04-06,302,51
"QC",2020-04-07,358,56
"QC",2020-04-08,417,59
"QC",2020-04-09,484,67
"QC",2020-04-10,551,67
"QC",2020-04-11,621,70
"QC",2020-04-12,710,89
"QC",2020-04-13,805,95
"QC",2020-04-14,896,91
"QC",2020-04-15,994,98
"QC",2020-04-16,1089,95
"QC",2020-04-17,1176,87
"QC",2020-04-18,1275,99
"QC",2020-04-19,1401,126
"QC",2020-04-20,1503,102
"QC",2020-04-21,1618,115
"QC",2020-04-22,1736,118
"QC",2020-04-23,1852,116
"QC",2020-04-24,1968,116
"QC",2020-04-25,2092,124
"QC",2020-04-26,2202,110
"QC",2020-04-27,2319,117
"QC",2020-04-28,2457,138
"QC",2020-04-29,2609,152
"QC",2020-04-30,2729,120
"QC",2020-05-01,2869,140
"QC",2020-05-02,2983,114
"QC",2020-05-03,3081,98
"QC",2020-05-04,3191,110
"QC",2020-05-05,3291,100
"QC",2020-05-06,3387,96
"QC",2020-05-07,3480,93
"QC",2020-05-08,3570,90
"QC",2020-05-09,3668,98
"QC",2020-05-10,3760,92
"QC",2020-05-11,3858,98
"QC",2020-05-12,3940,82
"QC",2020-05-13,4007,67
"QC",2020-05-14,4093,86
"QC",2020-05-15,4176,83
"QC",2020-05-16,4256,80
"QC",2020-05-17,4322,66
"QC",2020-05-18,4391,69
"QC",2020-05-19,4449,58
"QC",2020-05-20,4520,71
"QC",2020-05-21,4581,61
"QC",2020-05-22,4651,70
"QC",2020-05-23,4713,62
"QC",2020-05-24,4778,65
"QC",2020-05-25,4836,58
"QC",2020-05-26,4902,66
"QC",2020-05-27,4960,58
"QC",2020-05-28,5039,79
"QC",2020-05-29,5098,59
"QC",2020-05-30,5139,41
"QC",2020-05-31,5174,35
"QC",2020-06-01,5211,37
"QC",2020-06-02,5245,34
"QC",2020-06-03,5279,34
"QC",2020-06-04,5296,17
"QC",2020-06-05,5325,29
"QC",2020-06-06,5350,25
"QC",2020-06-07,5372,22
"QC",2020-06-08,5389,17
"QC",2020-06-09,5408,19
"QC",2020-06-10,5427,19
"QC",2020-06-11,5449,22
"QC",2020-06-12,5467,18
"QC",2020-06-13,5484,17
"QC",2020-06-14,5495,11
"QC",2020-06-15,5513,18
"QC",2020-06-16,5521,8
"QC",2020-06-17,5530,9
"QC",2020-06-18,5536,6
"QC",2020-06-19,5549,13
"QC",2020-06-20,5553,4
"QC",2020-06-21,5563,10
"QC",2020-06-22,5571,8
"QC",2020-06-23,5584,13
"QC",2020-06-24,5599,15
"QC",2020-06-25,5606,7
"QC",2020-06-26,5609,3
"QC",2020-06-27,5613,4
"QC",2020-06-28,5617,4
"QC",2020-06-29,5628,11
"QC",2020-06-30,5635,7
"QC",2020-07-01,5641,6
"QC",2020-07-02,5649,8
"QC",2020-07-03,5654,5
"QC",2020-07-04,5658,4
"QC",2020-07-05,5661,3
"QC",2020-07-06,5669,8
"QC",2020-07-07,5671,2
"QC",2020-07-08,5676,5
"QC",2020-07-09,5680,4
"QC",2020-07-10,5684,4
"QC",2020-07-11,5687,3
"QC",2020-07-12,5687,0
"QC",2020-07-13,5690,3
"QC",2020-07-14,5691,1
"QC",2020-07-15,5696,5
"QC",2020-07-16,5700,4
"QC",2020-07-17,5702,2
"QC",2020-07-18,5704,2
"QC",2020-07-19,5705,1
"QC",2020-07-20,5705,0
"QC",2020-07-21,5707,2
"QC",2020-07-22,5711,4
"QC",2020-07-23,5712,1
"QC",2020-07-24,5713,1
"QC",2020-07-25,5714,1
"QC",2020-07-26,5714,0
"QC",2020-07-27,5716,2
"QC",2020-07-28,5717,1
"QC",2020-07-29,5717,0
"QC",2020-07-30,5721,4
"QC",2020-07-31,5722,1
"QC",2020-08-01,5724,2
"QC",2020-08-02,5726,2
"QC",2020-08-03,5726,0
"QC",2020-08-04,5726,0
"QC",2020-08-05,5729,3
"QC",2020-08-06,5732,3
"QC",2020-08-07,5733,1
"QC",2020-08-08,5735,2
"QC",2020-08-09,5737,2
"QC",2020-08-10,5739,2
"QC",2020-08-11,5742,3
"QC",2020-08-12,5745,3
"QC",2020-08-13,5746,1
"QC",2020-08-14,5748,2
"QC",2020-08-15,5751,3
"QC",2020-08-16,5755,4
"QC",2020-08-17,5757,2
"QC",2020-08-18,5758,1
"QC",2020-08-19,5761,3
"QC",2020-08-20,5763,2
"QC",2020-08-21,5767,4
"QC",2020-08-22,5767,0
"QC",2020-08-23,5770,3
"QC",2020-08-24,5772,2
"QC",2020-08-25,5772,0
"QC",2020-08-26,5773,1
"QC",2020-08-27,5773,0
"QC",2020-08-28,5779,6
"QC",2020-08-29,5781,2
"QC",2020-08-30,5782,1
"QC",2020-08-31,5783,1
"QC",2020-09-01,5783,0
"QC",2020-09-02,5784,1
"QC",2020-09-03,5786,2
"QC",2020-09-04,5786,0
"QC",2020-09-05,5787,1
"QC",2020-09-06,5787,0
"QC",2020-09-07,5789,2
"QC",2020-09-08,5789,0
"QC",2020-09-09,5793,4
"QC",2020-09-10,5794,1
"QC",2020-09-11,5794,0
"QC",2020-09-12,5796,2
"QC",2020-09-13,5799,3
"QC",2020-09-14,5803,4
"QC",2020-09-15,5806,3
"QC",2020-09-16,5809,3
"QC",2020-09-17,5812,3
"QC",2020-09-18,5818,6
"QC",2020-09-19,5824,6
"QC",2020-09-20,5826,2
"QC",2020-09-21,5828,2
"QC",2020-09-22,5831,3
"QC",2020-09-23,5835,4
"QC",2020-09-24,5841,6
"QC",2020-09-25,5843,2
"QC",2020-09-26,5849,6
"QC",2020-09-27,5853,4
"QC",2020-09-28,5861,8
"QC",2020-09-29,5870,9
"QC",2020-09-30,5883,13
"QC",2020-10-01,5893,10
"QC",2020-10-02,5900,7
"QC",2020-10-03,5909,9
"QC",2020-10-04,5919,10
"QC",2020-10-05,5927,8
"QC",2020-10-06,5939,12
"QC",2020-10-07,5954,15
"QC",2020-10-08,5966,12
"QC",2020-10-09,5972,6
"QC",2020-10-10,5990,18
"QC",2020-10-11,6002,12
"QC",2020-10-12,6012,10
"QC",2020-10-13,6022,10
"QC",2020-10-14,6042,20
"QC",2020-10-15,6052,10
"QC",2020-10-16,6072,20
"QC",2020-10-17,6079,7
"QC",2020-10-18,6091,12
"QC",2020-10-19,6112,21
"QC",2020-10-20,6124,12
"QC",2020-10-21,6146,22
"QC",2020-10-22,6166,20
"QC",2020-10-23,6181,15
"QC",2020-10-24,6201,20
"QC",2020-10-25,6218,17
"QC",2020-10-26,6236,18
"QC",2020-10-27,6255,19
"QC",2020-10-28,6278,23
"QC",2020-10-29,6297,19
"QC",2020-10-30,6325,28
"QC",2020-10-31,6355,30
"QC",2020-11-01,6375,20
"QC",2020-11-02,6389,14
"QC",2020-11-03,6411,22
"QC",2020-11-04,6435,24
"QC",2020-11-05,6455,20
"QC",2020-11-06,6482,27
"QC",2020-11-07,6505,23
"QC",2020-11-08,6534,29
"QC",2020-11-09,6565,31
"QC",2020-11-10,6599,34
"QC",2020-11-11,6630,31
"QC",2020-11-12,6665,35
"QC",2020-11-13,6685,20
"QC",2020-11-14,6711,26
"QC",2020-11-15,6737,26
"QC",2020-11-16,6762,25
"QC",2020-11-17,6798,36
"QC",2020-11-18,6835,37
"QC",2020-11-19,6865,30
"QC",2020-11-20,6891,26
"QC",2020-11-21,6919,28
"QC",2020-11-22,6952,33
"QC",2020-11-23,6977,25
"QC",2020-11-24,7017,40
"QC",2020-11-25,7048,31
"QC",2020-11-26,7077,29
"QC",2020-11-27,7104,27
"QC",2020-11-28,7135,31
"QC",2020-11-29,7168,33
"QC",2020-11-30,7200,32
"QC",2020-12-01,7224,24
"QC",2020-12-02,7259,35
"QC",2020-12-03,7298,39
"QC",2020-12-04,7335,37
"QC",2020-12-05,7371,36
"QC",2020-12-06,7400,29
"QC",2020-12-07,7435,35
"QC",2020-12-08,7480,45
"QC",2020-12-09,7512,32
"QC",2020-12-10,7544,32
"QC",2020-12-11,7590,46
"QC",2020-12-12,7631,41
"QC",2020-12-13,7665,34
"QC",2020-12-14,7712,47
"QC",2020-12-15,7753,41
"QC",2020-12-16,7785,32
"QC",2020-12-17,7838,53
"QC",2020-12-18,7874,36
"QC",2020-12-19,7908,34
"QC",2020-12-20,7948,40
"QC",2020-12-21,7986,38
"QC",2020-12-22,8047,61
"QC",2020-12-23,8098,51
"QC",2020-12-24,8139,41
"QC",2020-12-25,8186,47
"QC",2020-12-26,8235,49
"QC",2020-12-27,8284,49
"QC",2020-12-28,8330,46
"QC",2020-12-29,8379,49
"QC",2020-12-30,8438,59
"QC",2020-12-31,8479,41
"QC",2021-01-01,8512,33
"QC",2021-01-02,8563,51
"QC",2021-01-03,8605,42
"QC",2021-01-04,8660,55
"QC",2021-01-05,8711,51
"QC",2021-01-06,8766,55
"QC",2021-01-07,8819,53
"QC",2021-01-08,8867,48
"QC",2021-01-09,8917,50
"QC",2021-01-10,8959,42
"QC",2021-01-11,9009,50
"QC",2021-01-12,9059,50
"QC",2021-01-13,9128,69
"QC",2021-01-14,9189,61
"QC",2021-01-15,9238,49
"QC",2021-01-16,9289,51
"QC",2021-01-17,9335,46
"QC",2021-01-18,9391,56
"QC",2021-01-19,9442,51
"QC",2021-01-20,9504,62
"QC",2021-01-21,9554,50
"QC",2021-01-22,9615,61
"QC",2021-01-23,9668,53
"QC",2021-01-24,9727,59
"QC",2021-01-25,9755,28
"QC",2021-01-26,9798,43
"QC",2021-01-27,9843,45
"QC",2021-01-28,9879,36
"QC",2021-01-29,9918,39
"QC",2021-01-30,9945,27
"QC",2021-01-31,9981,36
"SK",2020-04-04,3,3
"SK",2020-04-05,3,0
"SK",2020-04-06,3,0
"SK",2020-04-07,3,0
"SK",2020-04-08,3,0
"SK",2020-04-09,3,0
"SK",2020-04-10,3,0
"SK",2020-04-11,4,1
"SK",2020-04-12,4,0
"SK",2020-04-13,4,0
"SK",2020-04-14,4,0
"SK",2020-04-15,4,0
"SK",2020-04-16,4,0
"SK",2020-04-17,4,0
"SK",2020-04-18,4,0
"SK",2020-04-19,4,0
"SK",2020-04-20,4,0
"SK",2020-04-21,4,0
"SK",2020-04-22,4,0
"SK",2020-04-23,4,0
"SK",2020-04-24,4,0
"SK",2020-04-25,4,0
"SK",2020-04-26,4,0
"SK",2020-04-27,5,1
"SK",2020-04-28,5,0
"SK",2020-04-29,6,1
"SK",2020-04-30,6,0
"SK",2020-05-01,6,0
"SK",2020-05-02,6,0
"SK",2020-05-03,6,0
"SK",2020-05-04,6,0
"SK",2020-05-05,6,0
"SK",2020-05-06,6,0
"SK",2020-05-07,6,0
"SK",2020-05-08,6,0
"SK",2020-05-09,6,0
"SK",2020-05-10,6,0
"SK",2020-05-11,6,0
"SK",2020-05-12,6,0
"SK",2020-05-13,6,0
"SK",2020-05-14,6,0
"SK",2020-05-15,6,0
"SK",2020-05-16,6,0
"SK",2020-05-17,6,0
"SK",2020-05-18,6,0
"SK",2020-05-19,6,0
"SK",2020-05-20,7,1
"SK",2020-05-21,7,0
"SK",2020-05-22,7,0
"SK",2020-05-23,7,0
"SK",2020-05-24,7,0
"SK",2020-05-25,7,0
"SK",2020-05-26,8,1
"SK",2020-05-27,10,2
"SK",2020-05-28,10,0
"SK",2020-05-29,10,0
"SK",2020-05-30,10,0
"SK",2020-05-31,11,1
"SK",2020-06-01,11,0
"SK",2020-06-02,11,0
"SK",2020-06-03,11,0
"SK",2020-06-04,11,0
"SK",2020-06-05,11,0
"SK",2020-06-06,11,0
"SK",2020-06-07,11,0
"SK",2020-06-08,13,2
"SK",2020-06-09,13,0
"SK",2020-06-10,13,0
"SK",2020-06-11,13,0
"SK",2020-06-12,13,0
"SK",2020-06-13,13,0
"SK",2020-06-14,13,0
"SK",2020-06-15,13,0
"SK",2020-06-16,13,0
"SK",2020-06-17,13,0
"SK",2020-06-18,13,0
"SK",2020-06-19,13,0
"SK",2020-06-20,13,0
"SK",2020-06-21,13,0
"SK",2020-06-22,13,0
"SK",2020-06-23,13,0
"SK",2020-06-24,13,0
"SK",2020-06-25,13,0
"SK",2020-06-26,13,0
"SK",2020-06-27,13,0
"SK",2020-06-28,13,0
"SK",2020-06-29,13,0
"SK",2020-06-30,13,0
"SK",2020-07-01,13,0
"SK",2020-07-02,14,1
"SK",2020-07-03,14,0
"SK",2020-07-04,14,0
"SK",2020-07-05,14,0
"SK",2020-07-06,14,0
"SK",2020-07-07,15,1
"SK",2020-07-08,15,0
"SK",2020-07-09,15,0
"SK",2020-07-10,15,0
"SK",2020-07-11,15,0
"SK",2020-07-12,15,0
"SK",2020-07-13,15,0
"SK",2020-07-14,15,0
"SK",2020-07-15,15,0
"SK",2020-07-16,15,0
"SK",2020-07-17,15,0
"SK",2020-07-18,15,0
"SK",2020-07-19,15,0
"SK",2020-07-20,15,0
"SK",2020-07-21,15,0
"SK",2020-07-22,15,0
"SK",2020-07-23,16,1
"SK",2020-07-24,16,0
"SK",2020-07-25,16,0
"SK",2020-07-26,16,0
"SK",2020-07-27,16,0
"SK",2020-07-28,17,1
"SK",2020-07-29,17,0
"SK",2020-07-30,18,1
"SK",2020-07-31,18,0
"SK",2020-08-01,18,0
"SK",2020-08-02,18,0
"SK",2020-08-03,18,0
"SK",2020-08-04,18,0
"SK",2020-08-05,18,0
"SK",2020-08-06,19,1
"SK",2020-08-07,20,1
"SK",2020-08-08,20,0
"SK",2020-08-09,20,0
"SK",2020-08-10,20,0
"SK",2020-08-11,20,0
"SK",2020-08-12,20,0
"SK",2020-08-13,20,0
"SK",2020-08-14,20,0
"SK",2020-08-15,21,1
"SK",2020-08-16,22,1
"SK",2020-08-17,22,0
"SK",2020-08-18,22,0
"SK",2020-08-19,22,0
"SK",2020-08-20,22,0
"SK",2020-08-21,22,0
"SK",2020-08-22,22,0
"SK",2020-08-23,22,0
"SK",2020-08-24,22,0
"SK",2020-08-25,23,1
"SK",2020-08-26,24,1
"SK",2020-08-27,24,0
"SK",2020-08-28,24,0
"SK",2020-08-29,24,0
"SK",2020-08-30,24,0
"SK",2020-08-31,24,0
"SK",2020-09-01,24,0
"SK",2020-09-02,24,0
"SK",2020-09-03,24,0
"SK",2020-09-04,24,0
"SK",2020-09-05,24,0
"SK",2020-09-06,24,0
"SK",2020-09-07,24,0
"SK",2020-09-08,24,0
"SK",2020-09-09,24,0
"SK",2020-09-10,24,0
"SK",2020-09-11,24,0
"SK",2020-09-12,24,0
"SK",2020-09-13,24,0
"SK",2020-09-14,24,0
"SK",2020-09-15,24,0
"SK",2020-09-16,24,0
"SK",2020-09-17,24,0
"SK",2020-09-18,24,0
"SK",2020-09-19,24,0
"SK",2020-09-20,24,0
"SK",2020-09-21,24,0
"SK",2020-09-22,24,0
"SK",2020-09-23,24,0
"SK",2020-09-24,24,0
"SK",2020-09-25,24,0
"SK",2020-09-26,24,0
"SK",2020-09-27,24,0
"SK",2020-09-28,24,0
"SK",2020-09-29,24,0
"SK",2020-09-30,24,0
"SK",2020-10-01,24,0
"SK",2020-10-02,24,0
"SK",2020-10-03,24,0
"SK",2020-10-04,24,0
"SK",2020-10-05,24,0
"SK",2020-10-06,24,0
"SK",2020-10-07,24,0
"SK",2020-10-08,24,0
"SK",2020-10-09,24,0
"SK",2020-10-10,24,0
"SK",2020-10-11,25,1
"SK",2020-10-12,25,0
"SK",2020-10-13,25,0
"SK",2020-10-14,25,0
"SK",2020-10-15,25,0
"SK",2020-10-16,25,0
"SK",2020-10-17,25,0
"SK",2020-10-18,25,0
"SK",2020-10-19,25,0
"SK",2020-10-20,25,0
"SK",2020-10-21,25,0
"SK",2020-10-22,25,0
"SK",2020-10-23,25,0
"SK",2020-10-24,25,0
"SK",2020-10-25,25,0
"SK",2020-10-26,25,0
"SK",2020-10-27,25,0
"SK",2020-10-28,25,0
"SK",2020-10-29,25,0
"SK",2020-10-30,25,0
"SK",2020-10-31,25,0
"SK",2020-11-01,25,0
"SK",2020-11-02,25,0
"SK",2020-11-03,25,0
"SK",2020-11-04,25,0
"SK",2020-11-05,25,0
"SK",2020-11-06,25,0
"SK",2020-11-07,27,2
"SK",2020-11-08,28,1
"SK",2020-11-09,29,1
"SK",2020-11-10,29,0
"SK",2020-11-11,29,0
"SK",2020-11-12,29,0
"SK",2020-11-13,29,0
"SK",2020-11-14,29,0
"SK",2020-11-15,31,2
"SK",2020-11-16,31,0
"SK",2020-11-17,31,0
"SK",2020-11-18,32,1
"SK",2020-11-19,32,0
"SK",2020-11-20,33,1
"SK",2020-11-21,33,0
"SK",2020-11-22,33,0
"SK",2020-11-23,37,4
"SK",2020-11-24,37,0
"SK",2020-11-25,37,0
"SK",2020-11-26,40,3
"SK",2020-11-27,44,4
"SK",2020-11-28,45,1
"SK",2020-11-29,45,0
"SK",2020-11-30,47,2
"SK",2020-12-01,51,4
"SK",2020-12-02,53,2
"SK",2020-12-03,54,1
"SK",2020-12-04,55,1
"SK",2020-12-05,55,0
"SK",2020-12-06,59,4
"SK",2020-12-07,60,1
"SK",2020-12-08,66,6
"SK",2020-12-09,71,5
"SK",2020-12-10,75,4
"SK",2020-12-11,75,0
"SK",2020-12-12,86,11
"SK",2020-12-13,89,3
"SK",2020-12-14,91,2
"SK",2020-12-15,98,7
"SK",2020-12-16,98,0
"SK",2020-12-17,105,7
"SK",2020-12-18,107,2
"SK",2020-12-19,115,8
"SK",2020-12-20,118,3
"SK",2020-12-21,122,4
"SK",2020-12-22,125,3
"SK",2020-12-23,130,5
"SK",2020-12-24,134,4
"SK",2020-12-25,134,0
"SK",2020-12-26,134,0
"SK",2020-12-27,140,6
"SK",2020-12-28,139,-1
"SK",2020-12-29,149,10
"SK",2020-12-30,152,3
"SK",2020-12-31,153,1
"SK",2021-01-01,153,0
"SK",2021-01-02,156,3
"SK",2021-01-03,156,0
"SK",2021-01-04,158,2
"SK",2021-01-05,163,5
"SK",2021-01-06,172,9
"SK",2021-01-07,175,3
"SK",2021-01-08,182,7
"SK",2021-01-09,189,7
"SK",2021-01-10,189,0
"SK",2021-01-11,197,8
"SK",2021-01-12,201,4
"SK",2021-01-13,203,2
"SK",2021-01-14,203,0
"SK",2021-01-15,207,4
"SK",2021-01-16,209,2
"SK",2021-01-17,212,3
"SK",2021-01-18,216,4
"SK",2021-01-19,222,6
"SK",2021-01-20,226,4
"SK",2021-01-21,239,13
"SK",2021-01-22,247,8
"SK",2021-01-23,250,3
"SK",2021-01-24,253,3
"SK",2021-01-25,254,1
"SK",2021-01-26,268,14
"SK",2021-01-27,274,6
"SK",2021-01-28,285,11
"SK",2021-01-29,292,7
"SK",2021-01-30,300,8
"SK",2021-01-31,304,4
"YT",2020-01-31,0,0
"YT",2020-02-01,0,0
"YT",2020-02-02,0,0
"YT",2020-02-03,0,0
"YT",2020-02-04,0,0
"YT",2020-02-05,0,0
"YT",2020-02-06,0,0
"YT",2020-02-07,0,0
"YT",2020-02-08,0,0
"YT",2020-02-09,0,0
"YT",2020-02-10,0,0
"YT",2020-02-11,0,0
"YT",2020-02-12,0,0
"YT",2020-02-13,0,0
"YT",2020-02-14,0,0
"YT",2020-02-15,0,0
"YT",2020-02-16,0,0
"YT",2020-02-17,0,0
"YT",2020-02-18,0,0
"YT",2020-02-19,0,0
"YT",2020-02-20,0,0
"YT",2020-02-21,0,0
"YT",2020-02-22,0,0
"YT",2020-02-23,0,0
"YT",2020-02-24,0,0
"YT",2020-02-25,0,0
"YT",2020-02-26,0,0
"YT",2020-02-27,0,0
"YT",2020-02-28,0,0
"YT",2020-02-29,0,0
"YT",2020-03-01,0,0
"YT",2020-03-02,0,0
"YT",2020-03-03,0,0
"YT",2020-03-04,0,0
"YT",2020-03-05,0,0
"YT",2020-03-06,0,0
"YT",2020-03-07,0,0
"YT",2020-03-08,0,0
"YT",2020-03-09,0,0
"YT",2020-03-10,0,0
"YT",2020-03-11,0,0
"YT",2020-03-12,0,0
"YT",2020-03-13,0,0
"YT",2020-03-14,0,0
"YT",2020-03-15,0,0
"YT",2020-03-16,0,0
"YT",2020-03-17,0,0
"YT",2020-03-18,0,0
"YT",2020-03-19,0,0
"YT",2020-03-20,0,0
"YT",2020-03-21,0,0
"YT",2020-03-22,0,0
"YT",2020-03-23,0,0
"YT",2020-03-24,0,0
"YT",2020-03-25,0,0
"YT",2020-03-26,0,0
"YT",2020-03-27,0,0
"YT",2020-03-28,0,0
"YT",2020-03-29,0,0
"YT",2020-03-30,0,0
"YT",2020-03-31,0,0
"YT",2020-04-01,0,0
"YT",2020-04-02,0,0
"YT",2020-04-03,0,0
"YT",2020-04-04,0,0
"YT",2020-04-05,0,0
"YT",2020-04-06,0,0
"YT",2020-04-07,0,0
"YT",2020-04-08,0,0
"YT",2020-04-09,0,0
"YT",2020-04-10,0,0
"YT",2020-04-11,0,0
"YT",2020-04-12,0,0
"YT",2020-04-13,0,0
"YT",2020-04-14,0,0
"YT",2020-04-15,0,0
"YT",2020-04-16,0,0
"YT",2020-04-17,0,0
"YT",2020-04-18,0,0
"YT",2020-04-19,0,0
"YT",2020-04-20,0,0
"YT",2020-04-21,0,0
"YT",2020-04-22,0,0
"YT",2020-04-23,0,0
"YT",2020-04-24,0,0
"YT",2020-04-25,0,0
"YT",2020-04-26,0,0
"YT",2020-04-27,0,0
"YT",2020-04-28,0,0
"YT",2020-04-29,0,0
"YT",2020-04-30,0,0
"YT",2020-05-01,0,0
"YT",2020-05-02,0,0
"YT",2020-05-03,0,0
"YT",2020-05-04,0,0
"YT",2020-05-05,0,0
"YT",2020-05-06,0,0
"YT",2020-05-07,0,0
"YT",2020-05-08,0,0
"YT",2020-05-09,0,0
"YT",2020-05-10,0,0
"YT",2020-05-11,0,0
"YT",2020-05-12,0,0
"YT",2020-05-13,0,0
"YT",2020-05-14,0,0
"YT",2020-05-15,0,0
"YT",2020-05-16,0,0
"YT",2020-05-17,0,0
"YT",2020-05-18,0,0
"YT",2020-05-19,0,0
"YT",2020-05-20,0,0
"YT",2020-05-21,0,0
"YT",2020-05-22,0,0
"YT",2020-05-23,0,0
"YT",2020-05-24,0,0
"YT",2020-05-25,0,0
"YT",2020-05-26,0,0
"YT",2020-05-27,0,0
"YT",2020-05-28,0,0
"YT",2020-05-29,0,0
"YT",2020-05-30,0,0
"YT",2020-05-31,0,0
"YT",2020-06-01,0,0
"YT",2020-06-02,0,0
"YT",2020-06-03,0,0
"YT",2020-06-04,0,0
"YT",2020-06-05,0,0
"YT",2020-06-06,0,0
"YT",2020-06-07,0,0
"YT",2020-06-08,0,0
"YT",2020-06-09,0,0
"YT",2020-06-10,0,0
"YT",2020-06-11,0,0
"YT",2020-06-12,0,0
"YT",2020-06-13,0,0
"YT",2020-06-14,0,0
"YT",2020-06-15,0,0
"YT",2020-06-16,0,0
"YT",2020-06-17,0,0
"YT",2020-06-18,0,0
"YT",2020-06-19,0,0
"YT",2020-06-20,0,0
"YT",2020-06-21,0,0
"YT",2020-06-22,0,0
"YT",2020-06-23,0,0
"YT",2020-06-24,0,0
"YT",2020-06-25,0,0
"YT",2020-06-26,0,0
"YT",2020-06-27,0,0
"YT",2020-06-28,0,0
"YT",2020-06-29,0,0
"YT",2020-06-30,0,0
"YT",2020-07-01,0,0
"YT",2020-07-02,0,0
"YT",2020-07-03,0,0
"YT",2020-07-04,0,0
"YT",2020-07-05,0,0
"YT",2020-07-06,0,0
"YT",2020-07-07,0,0
"YT",2020-07-08,0,0
"YT",2020-07-09,0,0
"YT",2020-07-10,0,0
"YT",2020-07-11,0,0
"YT",2020-07-12,0,0
"YT",2020-07-13,0,0
"YT",2020-07-14,0,0
"YT",2020-07-15,0,0
"YT",2020-07-16,0,0
"YT",2020-07-17,0,0
"YT",2020-07-18,0,0
"YT",2020-07-19,0,0
"YT",2020-07-20,0,0
"YT",2020-07-21,0,0
"YT",2020-07-22,0,0
"YT",2020-07-23,0,0
"YT",2020-07-24,0,0
"YT",2020-07-25,0,0
"YT",2020-07-26,0,0
"YT",2020-07-27,0,0
"YT",2020-07-28,0,0
"YT",2020-07-29,0,0
"YT",2020-07-30,0,0
"YT",2020-07-31,0,0
"YT",2020-08-01,0,0
"YT",2020-08-02,0,0
"YT",2020-08-03,0,0
"YT",2020-08-04,0,0
"YT",2020-08-05,0,0
"YT",2020-08-06,0,0
"YT",2020-08-07,0,0
"YT",2020-08-08,0,0
"YT",2020-08-09,0,0
"YT",2020-08-10,0,0
"YT",2020-08-11,0,0
"YT",2020-08-12,0,0
"YT",2020-08-13,0,0
"YT",2020-08-14,0,0
"YT",2020-08-15,0,0
"YT",2020-08-16,0,0
"YT",2020-08-17,0,0
"YT",2020-08-18,0,0
"YT",2020-08-19,0,0
"YT",2020-08-20,0,0
"YT",2020-08-21,0,0
"YT",2020-08-22,0,0
"YT",2020-08-23,0,0
"YT",2020-08-24,0,0
"YT",2020-08-25,0,0
"YT",2020-08-26,0,0
"YT",2020-08-27,0,0
"YT",2020-08-28,0,0
"YT",2020-08-29,0,0
"YT",2020-08-30,0,0
"YT",2020-08-31,0,0
"YT",2020-09-01,0,0
"YT",2020-09-02,0,0
"YT",2020-09-03,0,0
"YT",2020-09-04,0,0
"YT",2020-09-05,0,0
"YT",2020-09-06,0,0
"YT",2020-09-07,0,0
"YT",2020-09-08,0,0
"YT",2020-09-09,0,0
"YT",2020-09-10,0,0
"YT",2020-09-11,0,0
"YT",2020-09-12,0,0
"YT",2020-09-13,0,0
"YT",2020-09-14,0,0
"YT",2020-09-15,0,0
"YT",2020-09-16,0,0
"YT",2020-09-17,0,0
"YT",2020-09-18,0,0
"YT",2020-09-19,0,0
"YT",2020-09-20,0,0
"YT",2020-09-21,0,0
"YT",2020-09-22,0,0
"YT",2020-09-23,0,0
"YT",2020-09-24,0,0
"YT",2020-09-25,0,0
"YT",2020-09-26,0,0
"YT",2020-09-27,0,0
"YT",2020-09-28,0,0
"YT",2020-09-29,0,0
"YT",2020-09-30,0,0
"YT",2020-10-01,0,0
"YT",2020-10-02,0,0
"YT",2020-10-03,0,0
"YT",2020-10-04,0,0
"YT",2020-10-05,0,0
"YT",2020-10-06,0,0
"YT",2020-10-07,0,0
"YT",2020-10-08,0,0
"YT",2020-10-09,0,0
"YT",2020-10-10,0,0
"YT",2020-10-11,0,0
"YT",2020-10-12,0,0
"YT",2020-10-13,0,0
"YT",2020-10-14,0,0
"YT",2020-10-15,0,0
"YT",2020-10-16,0,0
"YT",2020-10-17,0,0
"YT",2020-10-18,0,0
"YT",2020-10-19,0,0
"YT",2020-10-20,0,0
"YT",2020-10-21,0,0
"YT",2020-10-22,0,0
"YT",2020-10-23,0,0
"YT",2020-10-24,0,0
"YT",2020-10-25,0,0
"YT",2020-10-26,0,0
"YT",2020-10-27,0,0
"YT",2020-10-28,0,0
"YT",2020-10-29,0,0
"YT",2020-10-30,1,1
"YT",2020-10-31,1,0
"YT",2020-11-01,1,0
"YT",2020-11-02,1,0
"YT",2020-11-03,1,0
"YT",2020-11-04,1,0
"YT",2020-11-05,1,0
"YT",2020-11-06,1,0
"YT",2020-11-07,1,0
"YT",2020-11-08,1,0
"YT",2020-11-09,1,0
"YT",2020-11-10,1,0
"YT",2020-11-11,1,0
"YT",2020-11-12,1,0
"YT",2020-11-13,1,0
"YT",2020-11-14,1,0
"YT",2020-11-15,1,0
"YT",2020-11-16,1,0
"YT",2020-11-17,1,0
"YT",2020-11-18,1,0
"YT",2020-11-19,1,0
"YT",2020-11-20,1,0
"YT",2020-11-21,1,0
"YT",2020-11-22,1,0
"YT",2020-11-23,1,0
"YT",2020-11-24,1,0
"YT",2020-11-25,1,0
"YT",2020-11-26,1,0
"YT",2020-11-27,1,0
"YT",2020-11-28,1,0
"YT",2020-11-29,1,0
"YT",2020-11-30,1,0
"YT",2020-12-01,1,0
"YT",2020-12-02,1,0
"YT",2020-12-03,1,0
"YT",2020-12-04,1,0
"YT",2020-12-05,1,0
"YT",2020-12-06,1,0
"YT",2020-12-07,1,0
"YT",2020-12-08,1,0
"YT",2020-12-09,1,0
"YT",2020-12-10,1,0
"YT",2020-12-11,1,0
"YT",2020-12-12,1,0
"YT",2020-12-13,1,0
"YT",2020-12-14,1,0
"YT",2020-12-15,1,0
"YT",2020-12-16,1,0
"YT",2020-12-17,1,0
"YT",2020-12-18,1,0
"YT",2020-12-19,1,0
"YT",2020-12-20,1,0
"YT",2020-12-21,1,0
"YT",2020-12-22,1,0
"YT",2020-12-23,1,0
"YT",2020-12-24,1,0
"YT",2020-12-25,1,0
"YT",2020-12-26,1,0
"YT",2020-12-27,1,0
"YT",2020-12-28,1,0
"YT",2020-12-29,1,0
"YT",2020-12-30,1,0
"YT",2020-12-31,1,0
"YT",2021-01-01,1,0
"YT",2021-01-02,1,0
"YT",2021-01-03,1,0
"YT",2021-01-04,1,0
"YT",2021-01-05,1,0
"YT",2021-01-06,1,0
"YT",2021-01-07,1,0
"YT",2021-01-08,1,0
"YT",2021-01-09,1,0
"YT",2021-01-10,1,0
"YT",2021-01-11,1,0
"YT",2021-01-12,1,0
"YT",2021-01-13,1,0
"YT",2021-01-14,1,0
"YT",2021-01-15,1,0
"YT",2021-01-16,1,0
"YT",2021-01-17,1,0
"YT",2021-01-18,1,0
"YT",2021-01-19,1,0
"YT",2021-01-20,1,0
"YT",2021-01-21,1,0
"YT",2021-01-22,1,0
"YT",2021-01-23,1,0
"YT",2021-01-24,1,0
"YT",2021-01-25,1,0
"YT",2021-01-26,1,0
"YT",2021-01-27,1,0
"YT",2021-01-28,1,0
"YT",2021-01-29,1,0
"YT",2021-01-30,1,0
"YT",2021-01-31,1,0
